INSERT INTO modulekeywords VALUES (11, 39)
INSERT INTO module_files VALUES (5, 31, 'Figure_01_02_05a.jpg')
INSERT INTO keywords VALUES (80, 'geometric optics')
SELECT * FROM modules WHERE module_ident = 3;
INSERT INTO modulekeywords VALUES (1, 92)
INSERT INTO modulekeywords VALUES (9, 43)
INSERT INTO modules VALUES ( DEFAULT, 'Collection', 'col1', '3a5344bd-410d-4553-a951-87bccd996822', '1.10', 'Name of c1', '2013-07-31 12:00:00.000000-07', '2013-10-03 21:59:12.000000-07', 1, 11, 'doctype', 'submitter', 'submitlog', NULL, NULL, 'en', '{authors}', '{maintainers}', '{licensors}', '{parentauthors}', 'analytics code', 'buylink', 10, 1 )
INSERT INTO files VALUES (111, '2387bccf635cf9a93d3c3dc0d41e8b4c', '17c1387f2f3aa90aa6c372ce4234f20f2b62958c', '\x3c68746d6c3e3c626f64793e3c703e41206e657720636f6c6c6174656420706167653c2f703e3c2f626f64793e3c2f68746d6c3e', NULL)
INSERT INTO modules VALUES (10, 'Module', 'm42080', '26346a42-84b9-48ad-9f6a-62303c16ad41', '1.6', 'Drag Forces', '2013-07-31 14:07:24.211068-05', '2013-07-31 14:07:24.211068-05', 10, 12, '', 'cnxcap', 'fixed errata ID 690', 1, NULL, 'en', '{OpenStaxCollege}', '{OpenStaxCollege,cnxcap}', '{OSCRiceUniversity}', NULL, NULL, NULL, 6, NULL, NULL, NULL, NULL)
INSERT INTO keywords VALUES (3, 'physics')
INSERT INTO modulekeywords VALUES (1, 60)
INSERT INTO latest_modules VALUES (5, 'Module', 'm42091', 'c8bdbabc-62b1-4a5f-b291-982ab25756d7', '1.6', 'Physical Quantities and Units', '2013-07-31 14:07:21.597444-05', '2013-07-31 14:07:21.597444-05', 5, 12, '', 'cnxcap', 'None, correction was made to ISM.', 1, NULL, 'en', '{OpenStaxCollege}', '{OpenStaxCollege,cnxcap}', '{OSCRiceUniversity}', NULL, NULL, NULL, 6, NULL, NULL, NULL, NULL)
INSERT INTO keywords VALUES (52, 'strain')
SELECT * FROM recent_hit_ranks 
INSERT INTO document_acl VALUES ('ae3e18de-638d-4738-b804-dc69cd4db3a3', 'OpenStaxCollege', 'publish')
INSERT INTO module_files VALUES (8, 45, 'index_auto_generated.cnxml')
INSERT INTO modulekeywords VALUES (3, 30)
INSERT INTO module_files VALUES (9, 50, 'Figure_06_01_02a.jpg')
INSERT INTO modulekeywords VALUES (3, 19)
INSERT INTO modulekeywords VALUES (1, 95)
INSERT INTO keywords VALUES (44, 'magnitude of static friction')
INSERT INTO keywords VALUES (43, 'magnitude of kinetic friction')
INSERT INTO module_files VALUES (10, 62, 'Figure_06_02_03a.jpg')
INSERT INTO module_files VALUES (6, 35, 'Figure_01_03_02.jpg')
INSERT INTO document_controls VALUES ('91cb5f28-2b8a-4324-9373-dac1d617bc24', 11)
INSERT INTO modulekeywords VALUES (1, 3)
INSERT INTO modulekeywords VALUES (9, 46)
INSERT INTO module_files VALUES (1, 1, 'collection.xml')
SELECT html_content(4) FROM files
INSERT INTO modulekeywords VALUES (1, 74)
INSERT INTO module_files VALUES (1, 1, 'collection.html')
INSERT INTO module_files VALUES (4, 17, 'Figure_01_01_09_aa.jpg')
INSERT INTO modulekeywords VALUES (1, 100)
INSERT INTO module_files VALUES (11, 126, 'index.cnxml.html')
INSERT INTO modulekeywords VALUES (11, 41)
INSERT INTO document_acl VALUES ('d7eb0963-6cfa-57fe-8e18-585474e8b563', 'cnxcap', 'publish')
INSERT INTO trees VALUES (66, 63, 10, NULL, 4, NULL, false)
INSERT INTO trees VALUES (81, 76, 7, NULL, 6, NULL, false)
INSERT INTO modulekeywords VALUES (3, 27)
INSERT INTO modulekeywords VALUES (1, 63)
INSERT INTO document_acl VALUES ('91cb5f28-2b8a-4324-9373-dac1d617bc24', 'Rasmus1975', 'publish')
INSERT INTO trees VALUES (86, 82, 11, NULL, 5, NULL, false)
INSERT INTO document_controls VALUES ('d395b566-5fe3-4428-bcb2-19016e3aa3ce', 11)
INSERT INTO keywords VALUES (16, 'Model')
INSERT INTO keywords VALUES (19, 'Percent uncertainty')
INSERT INTO module_files VALUES (5, 29, 'Figure_01_02_03a.jpg')
INSERT INTO trees VALUES (85, 82, 10, NULL, 4, NULL, false)
INSERT INTO trees VALUES (36, NULL, 1, NULL, 0, NULL, false)
INSERT INTO modulekeywords VALUES (1, 69)
INSERT INTO module_files VALUES (8, 46, 'Figure_06_00_01.jpg')
INSERT INTO document_acl VALUES ('24a2ed13-22a6-47d6-97a3-c8aa8d54ac6d', 'OpenStaxCollege', 'publish')
INSERT INTO module_files VALUES (4, 23, 'PhET_Icon.png')
INSERT INTO trees VALUES (41, 38, 5, NULL, 4, NULL, false)
INSERT INTO module_files VALUES (4, 15, 'Figure_01_01_07_aa.jpg')
INSERT INTO modules VALUES ( DEFAULT, 'Module', 'm1', DEFAULT, '1.1', 'Name of m1', '2013-07-31 12:00:00.000000+02', '2013-10-03 21:14:11.000000+02', 1, 11, '', '', '', DEFAULT, NULL, 'en', '{}', '{}', '{}', NULL, NULL, NULL, 1, NULL, NULL)
INSERT INTO module_files VALUES (9, 56, 'Figure 04_01_01a.jpg')
INSERT INTO trees VALUES (96, 94, 20, 'Other Composite', 2, NULL, true)
INSERT INTO keywords VALUES (65, 'dc instruments')
INSERT INTO module_files VALUES (13, 81, 'index_auto_generated.cnxml')
INSERT INTO keywords VALUES (36, 'drag force')
INSERT INTO document_acl VALUES ('5152cea8-829a-4aaf-bcc5-c58a416ecb66', 'cnxcap', 'publish')
INSERT INTO modules VALUES ( 2, 'Module', 'm1', '88cd206d-66d2-48f9-86bb-75d5366582ee', '1.2', 'Name of m1', '2013-07-31 12:00:00.000000+02', '2013-10-03 21:16:20.000000+02', 1, 11, '', '', '', NULL, NULL, 'en', '{}', '{}', '{}', NULL, NULL, NULL, 2, NULL)
INSERT INTO modulekeywords VALUES (1, 78)
INSERT INTO modulekeywords VALUES (1, 77)
INSERT INTO keywords VALUES (4, 'Accuracy')
INSERT INTO document_acl VALUES ('5838b105-41cd-4c3d-a957-3ac004a48af3', 'OpenStaxCollege', 'publish')
INSERT INTO trees VALUES (59, 57, 4, NULL, 3, NULL, false)
INSERT INTO keywords VALUES (39, 'Hooke’s law')
INSERT INTO collated_file_associations VALUES (21, 2, 111)
INSERT INTO keywords VALUES (97, 'statics and torque')
INSERT INTO modulekeywords VALUES (8, 52)
INSERT INTO abstracts VALUES (6, '', NULL)
INSERT INTO modulekeywords VALUES (8, 51)
INSERT INTO modulekeywords VALUES (3, 4)
INSERT INTO keywords VALUES (10, 'English units')
INSERT INTO module_files VALUES (9, 51, 'Figure_06_01_03a.jpg')
INSERT INTO trees VALUES (75, 74, 2, 'Preface', 2, NULL, false)
INSERT INTO modules VALUES (21, 'Collection', 'col11406', 'e79ffde3-7fb4-4af3-9ec8-df648b391597', '1.6', 'College Physics', '2013-07-31 14:07:20.342798-05', '2013-08-01 20:02:23.4343-05', 1, 12, '', 'OpenStaxCollege', 'Add second collated version', 5, NULL, 'en', '{OpenStaxCollege}', '{OpenStaxCollege,cnxcap}', '{OSCRiceUniversity}', NULL, 'UA-XXXXX-Y', NULL, 6, 2, NULL, NULL, NULL)
INSERT INTO modules VALUES ( DEFAULT, 'Module', 'm1', DEFAULT, '1.1', 'Name of m1', '2013-07-31 12:00:00.000000+02', '2013-10-03 21:14:11.000000+02', 1, 11, '', '', '', NULL, NULL, 'en', '{}', '{}', '{}', NULL, NULL, NULL, 1, 1)
INSERT INTO trees VALUES (92, 91, 2, 'Preface', 2, NULL, true)
SELECT * FROM modules WHERE module_ident = 2;
INSERT INTO modules VALUES (13, 'Module', 'm42702', '7250386b-14a7-41a2-b8bf-9e9ab872f0dc', '1.2', 'Selected Radioactive Isotopes', '2013-07-31 14:07:25.542258-05', '2013-07-31 14:07:25.542258-05', 13, 12, '', 'cnxcap', 'initial content publication', 1, NULL, 'en', '{OpenStaxCollege}', '{OpenStaxCollege,cnxcap}', '{OSCRiceUniversity}', NULL, NULL, NULL, 2, NULL, NULL, NULL, NULL)
INSERT INTO users VALUES ('OSCRiceUniversity', '2016-09-13 14:23:04.737347-05', '2016-09-13 14:23:04.737347-05', 'Rice', 'University', 'Rice University', NULL, NULL, true)
INSERT INTO module_files VALUES (15, 125, 'index.cnxml.html')
INSERT INTO trees VALUES (63, NULL, NULL, 'Further Applications of Newton''s Laws: Friction, Drag, and Elasticity', 4, NULL, false)
INSERT INTO modulekeywords VALUES (11, 48)
INSERT INTO module_files VALUES (10, 65, 'mass-spring-lab_en.jar')
INSERT INTO modulekeywords VALUES (8, 38)
INSERT INTO modulekeywords VALUES (1, 38)
INSERT INTO modulekeywords VALUES (1, 98)
INSERT INTO module_files VALUES (11, 72, 'Figure_06_03_04a.jpg')
INSERT INTO keywords VALUES (27, 'Significant figures')
INSERT INTO module_files VALUES (5, 25, 'index_auto_generated.cnxml')
INSERT INTO modulekeywords VALUES (6, 19)
INSERT INTO modules VALUES (11, 'Module', 'm42081', '56f1c5c1-4014-450d-a477-2121e276beca', '1.8', 'Elasticity: Stress and Strain', '2013-07-31 14:07:24.856663-05', '2013-07-31 14:07:24.856663-05', 11, 12, '', 'OpenStaxCollege', 'Added more examples', 1, NULL, 'en', '{OpenStaxCollege}', '{OpenStaxCollege,cnxcap}', '{OSCRiceUniversity}', NULL, NULL, 'http://openstaxcollege.worksmartsuite.com/', 8, NULL, NULL, NULL, NULL)
INSERT INTO modulekeywords VALUES (5, 7)
INSERT INTO module_files VALUES (10, 59, 'index.cnxml')
INSERT INTO latest_modules VALUES (15, 'Module', 'm42709', 'ae3e18de-638d-4738-b804-dc69cd4db3a3', '1.5', 'Glossary of Key Symbols and Notation', '2013-07-31 14:07:25.745201-05', '2013-08-31 14:07:25.745201-05', 15, 12, '', 'cnxcap', 'metadata update', 1, NULL, 'en', '{OpenStaxCollege}', '{OpenStaxCollege,cnxcap}', '{OSCRiceUniversity}', NULL, NULL, NULL, 5, NULL, NULL, NULL, NULL)
INSERT INTO trees VALUES (40, 38, 4, NULL, 3, NULL, false)
INSERT INTO module_files VALUES (7, 42, 'Figure_01_04_01.jpg')
INSERT INTO keywords VALUES (42, 'magnitude')
INSERT INTO moduletags VALUES (1, 7)
INSERT INTO document_acl VALUES ('26346a42-84b9-48ad-9f6a-62303c16ad41', 'OpenStaxCollege', 'publish')
INSERT INTO module_files VALUES (11, 74, 'Figure_06_03_06a.jpg')
INSERT INTO trees VALUES (45, 44, 8, NULL, 2, NULL, false)
INSERT INTO modulekeywords VALUES (3, 12)
INSERT INTO collated_fti VALUES (20, 21, '''collat'':4 ''search'':5 ''test'':2', 'More tests of collated search')
INSERT INTO modulekeywords VALUES (3, 22)
INSERT INTO modules VALUES ( DEFAULT, 'Collection', 'col1', '3a5344bd-410d-4553-a951-87bccd996822', '1.10', 'Name of c1', '2013-07-31 12:00:00.000000-07', '2013-10-03 21:59:12.000000-07', 1, 11, 'doctype', 'submitter', 'submitlog', NULL, NULL, 'en', '{authors}', '{maintainers}', '{licensors}', '{parentauthors}', 'analytics code', 'buylink', 10, 1 )
INSERT INTO document_acl VALUES ('56f1c5c1-4014-450d-a477-2121e276beca', 'OpenStaxCollege', 'publish')
INSERT INTO modulekeywords VALUES (9, 37)
SELECT media_type FROM files WHERE sha1 = %s
INSERT INTO latest_modules VALUES (8, 'Module', 'm42138', '24a2ed13-22a6-47d6-97a3-c8aa8d54ac6d', '1.2', 'Introduction: Further Applications of Newton’s Laws', '2013-07-31 14:07:22.410554-05', '2013-07-31 14:07:22.410554-05', 8, 12, '', 'typo', 'initial content publication', 1, NULL, 'en', '{OpenStaxCollege}', '{OpenStaxCollege,cnxcap}', '{OSCRiceUniversity}', NULL, NULL, NULL, 2, NULL, NULL, NULL, NULL)
INSERT INTO abstracts VALUES (10, '', NULL)
INSERT INTO users VALUES ('Rasmus1975', '2016-09-13 14:23:04.737347-05', '2016-09-13 14:23:04.737347-05', 'Rasmus', NULL, 'Rasmus de 1975', NULL, NULL, true)
INSERT INTO modulekeywords VALUES (1, 99)
INSERT INTO modulekeywords VALUES (1, 1)
INSERT INTO document_acl VALUES ('209deb1f-1a46-4369-9e0d-18674cf58a3e', 'OpenStaxCollege', 'publish')
INSERT INTO keywords VALUES (59, 'ac circuits')
INSERT INTO keywords VALUES (50, 'static friction')
INSERT INTO document_acl VALUES ('d8bd3fb3-7b7b-5cee-9f2d-839e76638459', 'OpenStaxCollege', 'publish')
INSERT INTO module_files VALUES (4, 16, 'Figure_01_01_08_aa.jpg')
INSERT INTO moduletags VALUES (3, 4)
INSERT INTO trees VALUES (49, 36, 12, NULL, 5, NULL, false)
INSERT INTO module_files VALUES (4, 12, 'Figure_01_01_04_aa.jpg')
INSERT INTO modulekeywords VALUES (8, 47)
INSERT INTO keywords VALUES (93, 'radioactivity and nuclear physics')
INSERT INTO module_files VALUES (5, 30, 'Figure_01_02_04a.jpg')
INSERT INTO users VALUES ('OpenStaxCollege', '2016-09-13 14:23:04.737347-05', '2016-09-13 14:23:04.737347-05', 'OpenStax College', NULL, 'OpenStax College', NULL, NULL, true)
INSERT INTO modulekeywords VALUES (1, 72)
INSERT INTO collated_file_associations VALUES (21, 20, 112)
INSERT INTO module_files VALUES (15, 84, 'index.cnxml')
INSERT INTO trees VALUES (65, 63, 9, NULL, 3, NULL, false)
INSERT INTO document_controls VALUES ('f3c9ab70-a916-4d8c-9256-42953287b4e9', 11)
INSERT INTO modules VALUES (26, 'SubCollection', 'col15538', 'd17ce3fa-f871-5648-81b0-46128103d61c', '1.7', 'Further Applications of Newton''s Laws: Friction, Drag, and Elasticity', '2013-07-31 14:07:20.342798-05', '2013-08-31 14:07:20.342798-05', NULL, 12, '44', 'OpenStaxCollege', 'New version 1.7', 1, NULL, 'en', '{OpenStaxCollege}', '{OpenStaxCollege,cnxcap}', '{OSCRiceUniversity}', NULL, 'UA-XXXXX-Y', NULL, 7, 1, NULL, NULL, NULL)
INSERT INTO modulekeywords VALUES (3, 21)
INSERT INTO modulekeywords VALUES (1, 68)
INSERT INTO modulekeywords VALUES (1, 102)
INSERT INTO modulekeywords VALUES (5, 12)
INSERT INTO keywords VALUES (96, 'special relativity')
INSERT INTO latest_modules VALUES (6, 'Module', 'm42120', '5152cea8-829a-4aaf-bcc5-c58a416ecb66', '1.7', 'Accuracy, Precision, and Significant Figures', '2013-07-31 14:07:21.833994-05', '2013-07-31 14:07:21.833994-05', 6, 12, '', 'cnxcap', 'W&N solutions manual pass', 1, NULL, 'en', '{OpenStaxCollege}', '{OpenStaxCollege,cnxcap}', '{OSCRiceUniversity}', NULL, NULL, NULL, 7, NULL, NULL, NULL, NULL)
SELECT module_ident FROM {} WHERE uuid = %s
INSERT INTO keywords VALUES (37, 'force')
INSERT INTO modulekeywords VALUES (11, 32)
INSERT INTO keywords VALUES (102, 'wave optics')
INSERT INTO document_controls VALUES ('e79ffde3-7fb4-4af3-9ec8-df648b391597', 11)
INSERT INTO module_files VALUES (11, 73, 'Figure_06_03_05_xa.jpg')
INSERT INTO module_files VALUES (15, 85, 'index_auto_generated.cnxml')
INSERT INTO modulekeywords VALUES (5, 15)
INSERT INTO module_files VALUES (4, 14, 'Figure_01_01_06_aa.jpg')
INSERT INTO latest_modules VALUES (2, 'Module', 'm42955', '209deb1f-1a46-4369-9e0d-18674cf58a3e', '1.7', 'Preface to College Physics', '2013-07-31 14:07:20.542211-05', '2013-07-31 14:07:20.542211-05', 2, 12, '', 'OpenStaxCollege', 'Updated author title to Dr.', 1, NULL, 'en', '{OpenStaxCollege,cnxcap}', '{OpenStaxCollege,cnxcap}', '{OSCRiceUniversity}', NULL, NULL, NULL, 7, NULL, NULL, NULL, NULL)
INSERT INTO keywords VALUES (53, 'stress')
INSERT INTO keywords VALUES (68, 'electric charge and electric field')
INSERT INTO trees VALUES (79, 76, 5, NULL, 4, NULL, false)
INSERT INTO keywords VALUES (24, 'Relativity')
INSERT INTO modulekeywords VALUES (1, 85)
INSERT INTO keywords VALUES (6, 'Classical physics')
INSERT INTO latest_modules VALUES (9, 'Module', 'm42139', 'ea271306-f7f2-46ac-b2ec-1d80ff186a59', '1.5', 'Friction', '2013-07-31 14:07:22.528746-05', '2013-07-31 14:07:22.528746-05', 9, 12, '', '', '', NULL, NULL, 'en', '{OpenStaxCollege}', '{OpenStaxCollege,cnxcap}', '{OSCRiceUniversity}', NULL, NULL, NULL, 5, NULL, NULL, NULL, NULL)
INSERT INTO modulekeywords VALUES (4, 6)
INSERT INTO module_files VALUES (4, 21, 'Figure_01_01_13_aa.jpg')
INSERT INTO module_files VALUES (4, 9, 'Figure_01_01_01_aa.jpg')
INSERT INTO latest_modules VALUES (13, 'Module', 'm42702', '7250386b-14a7-41a2-b8bf-9e9ab872f0dc', '1.2', 'Selected Radioactive Isotopes', '2013-07-31 14:07:25.542258-05', '2013-07-31 14:07:25.542258-05', 13, 12, '', 'cnxcap', 'initial content publication', 1, NULL, 'en', '{OpenStaxCollege}', '{OpenStaxCollege,cnxcap}', '{OSCRiceUniversity}', NULL, NULL, NULL, 2, NULL, NULL, NULL, NULL)
INSERT INTO modulefti VALUES (20, '', NULL)
INSERT INTO latest_modules VALUES (10, 'Module', 'm42080', '26346a42-84b9-48ad-9f6a-62303c16ad41', '1.6', 'Drag Forces', '2013-07-31 14:07:24.211068-05', '2013-07-31 14:07:24.211068-05', 10, 12, '', 'cnxcap', 'fixed errata ID 690', 1, NULL, 'en', '{OpenStaxCollege}', '{OpenStaxCollege,cnxcap}', '{OSCRiceUniversity}', NULL, NULL, NULL, 6, NULL, NULL, NULL, NULL)
INSERT INTO module_files VALUES (6, 32, 'index.cnxml')
INSERT INTO keywords VALUES (100, 'uniform circular motion and gravitation')
INSERT INTO keywords VALUES (75, 'fluid dynamics')
INSERT INTO keywords VALUES (92, 'quantum physics')
INSERT INTO module_files VALUES (3, 5, 'index_auto_generated.cnxml')
INSERT INTO modulekeywords VALUES (3, 9)
INSERT INTO module_files VALUES (19, 103, 'indkoeb.jpg')
INSERT INTO modulekeywords VALUES (4, 16)
INSERT INTO keywords VALUES (66, 'drag')
INSERT INTO module_files VALUES (6, 37, 'Figure_01_03_04.jpg')
INSERT INTO modulekeywords VALUES (11, 33)
INSERT INTO modulekeywords VALUES (1, 62)
INSERT INTO module_files VALUES (2, 2, 'index.cnxml')
INSERT INTO trees VALUES (64, 63, 8, NULL, 2, NULL, false)
INSERT INTO module_files VALUES (9, 49, 'Figure_06_01_01a.jpg')
INSERT INTO document_acl VALUES ('d395b566-5fe3-4428-bcb2-19016e3aa3ce', 'cnxcap', 'publish')
INSERT INTO document_acl VALUES ('8a11a2f3-0099-55ef-87bf-9725214fcd8a', 'OpenStaxCollege', 'publish')
INSERT INTO keywords VALUES (20, 'Physical quantity')
INSERT INTO collated_fti VALUES (20, 17, '''collat'':2 ''content'':3 ''test'':1', 'test collated content')
INSERT INTO document_acl VALUES ('d395b566-5fe3-4428-bcb2-19016e3aa3ce', 'OpenStaxCollege', 'publish')
INSERT INTO document_acl VALUES ('e79ffde3-7fb4-4af3-9ec8-df648b391597', 'cnxcap', 'publish')
INSERT INTO moduletags VALUES (9, 5)
INSERT INTO modulekeywords VALUES (6, 22)
INSERT INTO modules VALUES ( 4, 'Module', 'm3', 'c8ee8dc5-bb73-47c8-b10f-3f37123cf607', '1.1', 'Name of m2', '2013-07-31 12:00:00.000000+02', '2013-10-03 21:16:20.000000+02', 1, 11, '', '', '', NULL, NULL, 'en', '{}', '{}', '{}', NULL, NULL, NULL, 1, 1)
INSERT INTO module_files VALUES (19, 104, 'index_auto_generated.cnxml')
INSERT INTO keywords VALUES (38, 'friction')
INSERT INTO module_files VALUES (12, 78, 'index.cnxml')
INSERT INTO document_acl VALUES ('a733d0d2-de9b-43f9-8aa9-f0895036899e', 'cnxcap', 'publish')
INSERT INTO collated_file_associations VALUES (17, 2, 110)
INSERT INTO keywords VALUES (13, 'Law')
INSERT INTO modulekeywords VALUES (8, 37)
INSERT INTO modulekeywords VALUES (9, 50)
SELECT uuid FROM modules WHERE moduleid = $1;
INSERT INTO modulekeywords VALUES (8, 45)
INSERT INTO document_acl VALUES ('d8bd3fb3-7b7b-5cee-9f2d-839e76638459', 'cnxcap', 'publish')
INSERT INTO keywords VALUES (48, 'shear modulus')
INSERT INTO abstracts VALUES (8, '', NULL)
INSERT INTO modulekeywords VALUES (1, 75)
INSERT INTO module_files VALUES (11, 67, 'index.cnxml')
INSERT INTO users VALUES ('cnxcap', '2016-09-13 14:23:04.737347-05', '2016-09-13 14:23:04.737347-05', 'College', 'Physics', 'OSC Physics Maintainer', NULL, NULL, true)
INSERT INTO module_files VALUES (4, 11, 'Figure_01_01_03_aa.jpg')
INSERT INTO keywords VALUES (81, 'heat and transfer methods')
INSERT INTO document_controls VALUES ('a733d0d2-de9b-43f9-8aa9-f0895036899e', 11)
INSERT INTO keywords VALUES (79, 'gas laws')
INSERT INTO keywords VALUES (58, 'tensile strength')
INSERT INTO modules VALUES (15, 'Module', 'm42709', 'ae3e18de-638d-4738-b804-dc69cd4db3a3', '1.5', 'Glossary of Key Symbols and Notation', '2013-07-31 14:07:25.745201-05', '2013-08-31 14:07:25.745201-05', 15, 12, '', 'cnxcap', 'metadata update', 1, NULL, 'en', '{OpenStaxCollege}', '{OpenStaxCollege,cnxcap}', '{OSCRiceUniversity}', NULL, NULL, NULL, 5, NULL, NULL, NULL, NULL)
INSERT INTO document_acl VALUES ('d17ce3fa-f871-5648-81b0-46128103d61c', 'OpenStaxCollege', 'publish')
INSERT INTO modulekeywords VALUES (1, 87)
INSERT INTO document_controls VALUES ('209deb1f-1a46-4369-9e0d-18674cf58a3e', 11)
INSERT INTO trees VALUES (91, NULL, 17, NULL, 0, NULL, true)
SELECT print_style FROM modules WHERE abstractid = 1
INSERT INTO modules VALUES (25, 'SubCollection', 'col15537', 'd7eb0963-6cfa-57fe-8e18-585474e8b563', '1.7', 'Introduction: The Nature of Science and Physics', '2013-07-31 14:07:20.342798-05', '2013-08-31 14:07:20.342798-05', NULL, 12, '38', 'OpenStaxCollege', 'New version 1.7', 1, NULL, 'en', '{OpenStaxCollege}', '{OpenStaxCollege,cnxcap}', '{OSCRiceUniversity}', NULL, 'UA-XXXXX-Y', NULL, 7, 1, NULL, NULL, NULL)
INSERT INTO module_files VALUES (14, 82, 'index.cnxml')
INSERT INTO document_controls VALUES ('8a11a2f3-0099-55ef-87bf-9725214fcd8a', NULL)
INSERT INTO document_acl VALUES ('c0a76659-c311-405f-9a99-15c71af39325', 'cnxcap', 'publish')
INSERT INTO modules VALUES (22, 'SubCollection', 'col15534', '8a11a2f3-0099-55ef-87bf-9725214fcd8a', '1.1', 'Introduction: The Nature of Science and Physics', '2013-07-31 14:07:20.342798-05', '2013-08-31 14:07:20.342798-05', NULL, 12, '76', 'OpenStaxCollege', 'New version 1.7', NULL, 1, 'en', '{OpenStaxCollege}', '{OpenStaxCollege,cnxcap}', '{OSCRiceUniversity}', '{OpenStaxCollege}', 'UA-XXXXX-Y', NULL, 1, 1, NULL, NULL, NULL)
INSERT INTO keywords VALUES (11, 'Fundamental units')
INSERT INTO modulekeywords VALUES (1, 97)
INSERT INTO abstracts VALUES (12, '', NULL)
INSERT INTO trees VALUES (83, 82, 8, NULL, 2, NULL, false)
INSERT INTO modules VALUES (17, 'Collection', 'col11406', 'e79ffde3-7fb4-4af3-9ec8-df648b391597', '1.6', 'College Physics', '2013-07-31 14:07:20.342798-05', '2013-07-31 14:07:20.342798-05', 1, 12, '', 'OpenStaxCollege', 'Updated something', NULL, NULL, 'en', '{OpenStaxCollege}', '{OpenStaxCollege,cnxcap}', '{OSCRiceUniversity}', NULL, 'UA-XXXXX-Y', NULL, 6, 1, NULL, NULL, NULL)
INSERT INTO modulekeywords VALUES (4, 25)
INSERT INTO keywords VALUES (1, 'college physics')
INSERT INTO abstracts VALUES (9, '', NULL)
INSERT INTO document_controls VALUES ('5152cea8-829a-4aaf-bcc5-c58a416ecb66', 11)
INSERT INTO document_acl VALUES ('8a11a2f3-0099-55ef-87bf-9725214fcd8a', 'cnxcap', 'publish')
INSERT INTO keywords VALUES (40, 'kinetic friction')
INSERT INTO trees VALUES (39, 38, 3, NULL, 2, NULL, false)
INSERT INTO keywords VALUES (8, 'Customary system')
INSERT INTO keywords VALUES (33, 'compression')
INSERT INTO keywords VALUES (49, 'sliding friction')
INSERT INTO modulekeywords VALUES (8, 34)
INSERT INTO latest_modules VALUES (4, 'Module', 'm42092', 'd395b566-5fe3-4428-bcb2-19016e3aa3ce', '1.4', 'Physics: An Introduction', '2013-07-31 14:07:20.75499-05', '2013-07-31 14:07:20.75499-05', 4, 12, '', 'typo', 'post W&N QA', 1, NULL, 'en', '{OpenStaxCollege}', '{OpenStaxCollege,cnxcap}', '{OSCRiceUniversity}', NULL, NULL, NULL, 4, NULL, NULL, NULL, NULL)
INSERT INTO modulekeywords VALUES (5, 10)
INSERT INTO trees VALUES (57, NULL, NULL, 'Introduction: The Nature of Science and Physics', 3, NULL, false)
INSERT INTO trees VALUES (93, 91, 20, NULL, 3, NULL, true)
INSERT INTO document_acl VALUES ('ea271306-f7f2-46ac-b2ec-1d80ff186a59', 'cnxcap', 'publish')
INSERT INTO latest_modules VALUES (12, 'Module', 'm42699', 'f6024d8a-1868-44c7-ab65-45419ef54881', '1.3', 'Atomic Masses', '2013-07-31 14:07:25.422884-05', '2013-07-31 14:07:25.422884-05', 12, 12, '', 'cnxcap', 'Post Words and Numbers QA', 1, NULL, 'en', '{OpenStaxCollege}', '{OpenStaxCollege,cnxcap}', '{OSCRiceUniversity}', NULL, NULL, NULL, 3, NULL, NULL, NULL, NULL)
INSERT INTO keywords VALUES (34, 'deformation')
INSERT INTO module_files VALUES (11, 70, 'Figure_06_03_02a.jpg')
INSERT INTO modulekeywords VALUES (11, 57)
INSERT INTO module_files VALUES (7, 127, 'index.cnxml.html')
INSERT INTO keywords VALUES (31, 'Units')
SELECT uuid, licenseid from document_controls
INSERT INTO module_files VALUES (12, 79, 'index_auto_generated.cnxml')
INSERT INTO module_files VALUES (4, 10, 'Figure_01_01_02_aa.jpg')
INSERT INTO module_files VALUES (6, 23, 'PhET_Icon.png')
INSERT INTO document_acl VALUES ('d7eb0963-6cfa-57fe-8e18-585474e8b563', 'OpenStaxCollege', 'publish')
INSERT INTO module_files VALUES (4, 22, 'equation-grapher_en.jar')
INSERT INTO modulekeywords VALUES (6, 4)
INSERT INTO document_acl VALUES ('f3c9ab70-a916-4d8c-9256-42953287b4e9', 'cnxcap', 'publish')
INSERT INTO module_files VALUES (10, 63, 'Figure_06_02_05a.jpg')
INSERT INTO document_controls VALUES ('5838b105-41cd-4c3d-a957-3ac004a48af3', 11)
INSERT INTO document_acl VALUES ('c8bdbabc-62b1-4a5f-b291-982ab25756d7', 'cnxcap', 'publish')
INSERT INTO module_files VALUES (6, 33, 'index_auto_generated.cnxml')
INSERT INTO persons VALUES ('typo', NULL, 'Typo', NULL, NULL, NULL, 'Typo Error', NULL, NULL, NULL)
INSERT INTO modules VALUES (8, 'Module', 'm42138', '24a2ed13-22a6-47d6-97a3-c8aa8d54ac6d', '1.2', 'Introduction: Further Applications of Newton’s Laws', '2013-07-31 14:07:22.410554-05', '2013-07-31 14:07:22.410554-05', 8, 12, '', 'typo', 'initial content publication', 1, NULL, 'en', '{OpenStaxCollege}', '{OpenStaxCollege,cnxcap}', '{OSCRiceUniversity}', NULL, NULL, NULL, 2, NULL, NULL, NULL, NULL)
INSERT INTO modulekeywords VALUES (8, 33)
INSERT INTO keywords VALUES (88, 'Ohm’s Law')
INSERT INTO modulekeywords VALUES (4, 23)
INSERT INTO document_acl VALUES ('ae3e18de-638d-4738-b804-dc69cd4db3a3', 'cnxcap', 'publish')
INSERT INTO trees VALUES (76, 74, 22, 'Introduction: The Nature of Science and Physics', 3, NULL, false)
INSERT INTO module_files VALUES (14, 83, 'index_auto_generated.cnxml')
INSERT INTO modulekeywords VALUES (8, 41)
INSERT INTO document_acl VALUES ('26346a42-84b9-48ad-9f6a-62303c16ad41', 'cnxcap', 'publish')
INSERT INTO modulekeywords VALUES (8, 35)
INSERT INTO modulekeywords VALUES (3, 25)
INSERT INTO keywords VALUES (95, 'rotational motion and angular momentum')
INSERT INTO modulekeywords VALUES (11, 58)
INSERT INTO users VALUES ('typo', '2016-09-13 14:23:04.737347-05', '2016-09-13 14:23:04.737347-05', 'Typo', NULL, 'Typo Error', NULL, NULL, true)
INSERT INTO keywords VALUES (82, 'kinematics')
INSERT INTO module_files VALUES (9, 23, 'PhET_Icon.png')
INSERT INTO modulekeywords VALUES (1, 80)
INSERT INTO keywords VALUES (70, 'electric potential')
INSERT INTO document_acl VALUES ('e79ffde3-7fb4-4af3-9ec8-df648b391597', 'OpenStaxCollege', 'publish')
INSERT INTO moduletags VALUES (4, 4)
INSERT INTO moduletags VALUES (2, 4)
INSERT INTO module_files VALUES (6, 36, 'Figure_01_03_03.jpg')
INSERT INTO modulekeywords VALUES (1, 81)
INSERT INTO moduletags VALUES (12, 5)
INSERT INTO module_files VALUES (5, 27, 'Figure_01_02_01a.jpg')
INSERT INTO keywords VALUES (89, 'oscillatory motion and waves')
INSERT INTO keywords VALUES (7, 'Conversion factor')
INSERT INTO abstracts VALUES (11, '', NULL)
INSERT INTO module_files VALUES (9, 48, 'index_auto_generated.cnxml')
INSERT INTO modulekeywords VALUES (1, 71)
INSERT INTO moduletags VALUES (8, 5)
INSERT INTO module_files VALUES (9, 54, 'forces-and-motion_en.jar')
INSERT INTO modulekeywords VALUES (10, 51)
INSERT INTO modulekeywords VALUES (1, 76)
INSERT INTO document_controls VALUES ('d8bd3fb3-7b7b-5cee-9f2d-839e76638459', NULL)
INSERT INTO document_controls VALUES ('c0a76659-c311-405f-9a99-15c71af39325', 11)
INSERT INTO modulekeywords VALUES (1, 91)
INSERT INTO module_files VALUES (5, 28, 'Figure_01_02_02a.jpg')
INSERT INTO modulekeywords VALUES (3, 28)
INSERT INTO module_files VALUES (11, 69, 'Figure_06_03_01a.jpg')
INSERT INTO keywords VALUES (15, 'Metric system')
INSERT INTO modulekeywords VALUES (4, 13)
INSERT INTO document_acl VALUES ('209deb1f-1a46-4369-9e0d-18674cf58a3e', 'cnxcap', 'publish')
INSERT INTO modulekeywords VALUES (1, 79)
INSERT INTO keywords VALUES (21, 'Physics')
INSERT INTO trees VALUES (77, 76, 3, NULL, 2, NULL, false)
INSERT INTO modulekeywords VALUES (4, 24)
INSERT INTO latest_modules VALUES (14, 'Module', 'm42720', 'c0a76659-c311-405f-9a99-15c71af39325', '1.5', 'Useful Inførmation', '2013-07-31 14:07:25.616481-05', '2013-07-31 14:07:25.616481-05', 14, 12, '', 'cnxcap', 'fixed errata', 1, NULL, 'en', '{OpenStaxCollege}', '{OpenStaxCollege,cnxcap}', '{OSCRiceUniversity}', NULL, NULL, NULL, 5, NULL, NULL, NULL, NULL)
INSERT INTO module_files VALUES (4, 20, 'Figure_01_01_12_aa.jpg')
INSERT INTO keywords VALUES (23, 'Quantum mechanics')
INSERT INTO modulekeywords VALUES (9, 38)
INSERT INTO module_files VALUES (7, 40, 'index.cnxml')
INSERT INTO module_files VALUES (9, 52, 'Figure_06_01_04a.jpg')
INSERT INTO keywords VALUES (30, 'Uncertainty')
INSERT INTO keywords VALUES (73, 'electromagnetic waves')
INSERT INTO modulekeywords VALUES (1, 65)
INSERT INTO module_files VALUES (11, 68, 'index_auto_generated.cnxml')
INSERT INTO modulekeywords VALUES (8, 44)
INSERT INTO keywords VALUES (28, 'SI units')
INSERT INTO keywords VALUES (91, 'physics of hearing')
INSERT INTO files VALUES (112, '80fcd185ef3fb78362ca5fc5d015fa5f', '930660980478b3263b7ef049e75b0579f9f941e4', '\x3c68746d6c3e3c626f64793e3c703e4d6f7265207465737473206f6620636f6c6c61746564207365617263683c2f703e3c2f626f64793e3c2f68746d6c3e', NULL)
INSERT INTO collated_fti VALUES (2, 21, '''collat'':3 ''new'':2 ''page'':4', 'A new collated page')
INSERT INTO moduletags VALUES (1, 4)
INSERT INTO persons VALUES ('OpenStaxCollege', NULL, 'OpenStax Cöllege', NULL, NULL, NULL, 'OpenStax Cöllege', NULL, NULL, NULL)
INSERT INTO trees VALUES (89, 74, 14, NULL, 7, NULL, false)
INSERT INTO modulekeywords VALUES (1, 90)
INSERT INTO persons VALUES ('Rasmus1975', NULL, 'Rasmus', NULL, NULL, NULL, 'Rasmus de 1975', NULL, NULL, NULL)
INSERT INTO keywords VALUES (72, 'electromagnetic induction')
INSERT INTO modules VALUES ( 3, 'Module', 'm2', 'f122af91-5f4f-4736-a502-67bd0a1628aa', '1.1', 'Name of m2', '2013-07-31 12:00:00.000000+02', '2013-10-03 21:16:20.000000+02', 1, 11, '', '', '', NULL, NULL, 'en', '{}', '{}', '{}', NULL, NULL, NULL, 1, NULL)
INSERT INTO module_files VALUES (10, 61, 'Figure_06_02_02a.jpg')
INSERT INTO modulekeywords VALUES (1, 66)
INSERT INTO module_files VALUES (12, 122, 'index.cnxml.html')
INSERT INTO module_files VALUES (8, 44, 'index.cnxml')
INSERT INTO module_files VALUES (7, 43, 'Figure_01_04_02.jpg')
INSERT INTO trees VALUES (80, 76, 6, NULL, 5, NULL, false)
INSERT INTO keywords VALUES (5, 'Approximation')
INSERT INTO module_files VALUES (3, 4, 'index.cnxml')
INSERT INTO module_files VALUES (4, 113, 'index.cnxml.html')
SELECT fileid FROM files WHERE sha1 = %s
UPDATE files SET file = %s  WHERE fileid = %s
SELECT fileid from files where sha1 = %s
INSERT INTO modulekeywords VALUES (1, 101)
INSERT INTO modulekeywords VALUES (2, 3)
INSERT INTO module_files VALUES (10, 120, 'index.cnxml.html')
INSERT INTO modulekeywords VALUES (3, 10)
INSERT INTO modulekeywords VALUES (3, 13)
INSERT INTO document_acl VALUES ('24a2ed13-22a6-47d6-97a3-c8aa8d54ac6d', 'cnxcap', 'publish')
INSERT INTO latest_modules VALUES (1, 'Collection', 'col11406', 'e79ffde3-7fb4-4af3-9ec8-df648b391597', '1.7', 'College Physics', '2013-07-31 14:07:20.342798-05', '2013-08-31 14:07:20.342798-05', 1, 12, '', 'OpenStaxCollege', 'New version 1.7', NULL, NULL, 'en', '{OpenStaxCollege}', '{OpenStaxCollege,cnxcap}', '{OSCRiceUniversity}', NULL, 'UA-XXXXX-Y', NULL, 7, 1, NULL, NULL, NULL)
INSERT INTO modulekeywords VALUES (5, 31)
INSERT INTO collated_fti VALUES (2, 17, '''collat'':4 ''content'':2 ''page'':1', 'Page content after collation')
INSERT INTO keywords VALUES (94, 'resistance')
INSERT INTO module_files VALUES (10, 60, 'index_auto_generated.cnxml')
INSERT INTO keywords VALUES (86, 'medical applications of nuclear physics')
INSERT INTO modulekeywords VALUES (5, 20)
INSERT INTO keywords VALUES (41, 'length')
INSERT INTO module_files VALUES (9, 53, 'Figure_06_01_05a.jpg')
INSERT INTO modulekeywords VALUES (4, 21)
INSERT INTO module_files VALUES (13, 123, 'index.cnxml.html')
INSERT INTO keywords VALUES (51, 'Stokes’ law')
INSERT INTO keywords VALUES (85, 'magnetism')
INSERT INTO modulekeywords VALUES (4, 29)
INSERT INTO modules VALUES (4, 'Module', 'm42092', 'd395b566-5fe3-4428-bcb2-19016e3aa3ce', '1.4', 'Physics: An Introduction', '2013-07-31 14:07:20.75499-05', '2013-07-31 14:07:20.75499-05', 4, 12, '', 'typo', 'post W&N QA', 1, NULL, 'en', '{OpenStaxCollege}', '{OpenStaxCollege,cnxcap}', '{OSCRiceUniversity}', NULL, NULL, NULL, 4, NULL, NULL, NULL, NULL)
INSERT INTO modulekeywords VALUES (3, 24)
INSERT INTO modules VALUES (20, 'CompositeModule', 'm45678', '174c4069-2743-42e9-adfe-4c7084f81fc5', '1.1', 'Collated page', '2016-04-08 10:41:40.584762-05', '2016-04-08 10:41:40.584762-05', 17, 12, '', 'OpenStaxCollege', '', NULL, NULL, 'en', '{OpenStaxCollege}', '{OpenStaxCollege,cnxcap}', '{OSCRiceUniversity}', NULL, NULL, NULL, 1, NULL, NULL, NULL, NULL)
INSERT INTO modulekeywords VALUES (8, 56)
INSERT INTO trees VALUES (51, 36, 14, NULL, 7, NULL, false)
INSERT INTO modulekeywords VALUES (9, 49)
SELECT * FROM overall_hit_ranks 
INSERT INTO document_controls VALUES ('d17ce3fa-f871-5648-81b0-46128103d61c', NULL)
SELECT module_ident FROM modules 
INSERT INTO keywords VALUES (2, 'introduction')
INSERT INTO keywords VALUES (47, 'position')
INSERT INTO keywords VALUES (87, 'Newton’s Laws of Motion')
INSERT INTO trees VALUES (43, 38, 7, NULL, 6, NULL, false)
INSERT INTO module_files VALUES (9, 57, 'Figure_06_01_06a.jpg')
INSERT INTO modulekeywords VALUES (1, 96)
INSERT INTO document_controls VALUES ('ae3e18de-638d-4738-b804-dc69cd4db3a3', 11)
INSERT INTO trees VALUES (97, NULL, 21, NULL, 0, NULL, false)
INSERT INTO keywords VALUES (25, 'Scientific method')
INSERT INTO moduletags VALUES (7, 4)
INSERT INTO moduletags VALUES (1, 5)
INSERT INTO keywords VALUES (78, 'frontiers of physics')
INSERT INTO abstracts VALUES (17, '', NULL)
INSERT INTO document_controls VALUES ('24a2ed13-22a6-47d6-97a3-c8aa8d54ac6d', 11)
INSERT INTO files VALUES (109, '5fc6d1b338bfce74f78acd941d5742b1', 'b3f5ddea6cadbe94a5f2bfa817dbb5706e92963a', '\x3c68746d6c3e3c626f64793e7465737420636f6c6c6174656420636f6e74656e743c2f626f64793e3c2f68746d6c3e', NULL)
INSERT INTO modulekeywords VALUES (4, 17)
INSERT INTO modulekeywords VALUES (5, 11)
INSERT INTO modulekeywords VALUES (1, 88)
SELECT * FROM modules WHERE module_ident = 5;
INSERT INTO abstracts VALUES (15, '', NULL)
INSERT INTO module_files VALUES (11, 77, 'Figure_06_03_10a.jpg')
INSERT INTO keywords VALUES (12, 'Kilogram')
INSERT INTO modules VALUES (16, 'Module', 'm42709', 'ae3e18de-638d-4738-b804-dc69cd4db3a3', '1.4', 'Glossary of Key Symbols and Notation', '2013-07-31 14:07:25.745201-05', '2013-07-31 14:07:25.745201-05', 16, 12, '', 'cnxcap', 'metadata update', 1, NULL, 'en', '{OpenStaxCollege}', '{OpenStaxCollege,cnxcap}', '{OSCRiceUniversity}', NULL, NULL, NULL, 4, NULL, NULL, NULL, NULL)
INSERT INTO modulekeywords VALUES (8, 53)
INSERT INTO document_acl VALUES ('c0a76659-c311-405f-9a99-15c71af39325', 'OpenStaxCollege', 'publish')
INSERT INTO keywords VALUES (74, 'energy')
INSERT INTO modulekeywords VALUES (3, 8)
INSERT INTO modulekeywords VALUES (10, 36)
SELECT count(*) from recent_hit_ranks;
INSERT INTO modulekeywords VALUES (8, 48)
INSERT INTO modulekeywords VALUES (5, 9)
INSERT INTO module_files VALUES (5, 121, 'index.cnxml.html')
INSERT INTO module_files VALUES (4, 7, 'index.cnxml')
INSERT INTO modulekeywords VALUES (9, 44)
INSERT INTO keywords VALUES (46, 'normal force')
INSERT INTO trees VALUES (44, 36, 26, 'Further Applications of Newton''s Laws: Friction, Drag, and Elasticity', 4, NULL, false)
INSERT INTO keywords VALUES (101, 'vision and optical instruments')
INSERT INTO modules VALUES (7, 'Module', 'm42121', '5838b105-41cd-4c3d-a957-3ac004a48af3', '1.5', 'Approximation', '2013-07-31 14:07:22.245879-05', '2013-07-31 14:07:22.245879-05', 7, 12, '', 'cnxcap', 'post W&N QA', 1, NULL, 'en', '{OpenStaxCollege}', '{OpenStaxCollege,cnxcap}', '{OSCRiceUniversity}', NULL, NULL, NULL, 5, NULL, NULL, NULL, NULL)
INSERT INTO modulekeywords VALUES (8, 55)
INSERT INTO module_files VALUES (10, 64, 'Figure_06_02_06a.jpg')
INSERT INTO document_acl VALUES ('f3c9ab70-a916-4d8c-9256-42953287b4e9', 'OpenStaxCollege', 'publish')
INSERT INTO latest_modules VALUES (3, 'Module', 'm42119', 'f3c9ab70-a916-4d8c-9256-42953287b4e9', '1.3', 'Introduction to Science and the Realm of Physics, Physical Quantities, and Units', '2013-07-31 14:07:20.590652-05', '2013-07-31 14:07:20.590652-05', 3, 12, '', 'cnxcap', 'updated images', 1, NULL, 'en', '{OpenStaxCollege}', '{OpenStaxCollege,cnxcap}', '{OSCRiceUniversity}', NULL, NULL, NULL, 3, NULL, NULL, NULL, NULL)
INSERT INTO trees VALUES (84, 82, 9, NULL, 3, NULL, false)
INSERT INTO trees VALUES (38, 36, 25, 'Introduction: The Nature of Science and Physics', 3, NULL, false)
INSERT INTO files VALUES (110, '6bcf24f224c8f8cf5b0cf1e28f03b2a4', 'cdfce6af250134d1bca20b93b2418ec0b489e543', '\x3c68746d6c3e3c626f64793e5061676520636f6e74656e7420616674657220636f6c6c6174696f6e3c2f626f64793e3c2f68746d6c3e0a', NULL)
INSERT INTO modulekeywords VALUES (1, 86)
INSERT INTO trees VALUES (94, NULL, 21, NULL, 0, NULL, true)
INSERT INTO module_files VALUES (4, 19, 'Figure_01_01_11_aa.jpg')
INSERT INTO modulekeywords VALUES (8, 54)
INSERT INTO modulekeywords VALUES (8, 43)
INSERT INTO abstracts VALUES (14, '', NULL)
INSERT INTO module_files VALUES (4, 8, 'index_auto_generated.cnxml')
INSERT INTO module_files VALUES (9, 116, 'index.cnxml.html')
INSERT INTO modulekeywords VALUES (1, 83)
INSERT INTO module_files VALUES (2, 3, 'index_auto_generated.cnxml')
INSERT INTO modulekeywords VALUES (8, 50)
INSERT INTO modulekeywords VALUES (3, 20)
INSERT INTO trees VALUES (54, 53, 2, 'Preface', 2, NULL, false)
INSERT INTO document_controls VALUES ('c8bdbabc-62b1-4a5f-b291-982ab25756d7', 11)
INSERT INTO trees VALUES (42, 38, 6, NULL, 5, NULL, false)
INSERT INTO keywords VALUES (29, 'Theory')
INSERT INTO modulekeywords VALUES (3, 31)
INSERT INTO modules VALUES ( 1, 'Module', 'm1', '88cd206d-66d2-48f9-86bb-75d5366582ee', '1.1', 'Name of m1', '2013-07-31 12:00:00.000000+02', '2013-10-03 21:14:11.000000+02', 1, 11, '', '', '', NULL, NULL, 'en', '{}', '{}', '{}', NULL, NULL, NULL, 1, NULL)
INSERT INTO modulekeywords VALUES (8, 32)
INSERT INTO abstracts VALUES (7, '', NULL)
SELECT true FROM files WHERE sha1 = %s
INSERT INTO module_files VALUES (19, 115, 'index.cnxml.html')
INSERT INTO modulekeywords VALUES (11, 34)
INSERT INTO trees VALUES (74, NULL, 18, NULL, 0, NULL, false)
INSERT INTO abstracts VALUES (13, '', NULL)
INSERT INTO document_acl VALUES ('f6024d8a-1868-44c7-ab65-45419ef54881', 'cnxcap', 'publish')
INSERT INTO modules VALUES (9, 'Module', 'm42139', 'ea271306-f7f2-46ac-b2ec-1d80ff186a59', '1.5', 'Friction', '2013-07-31 14:07:22.528746-05', '2013-07-31 14:07:22.528746-05', 9, 12, '', '', '', NULL, NULL, 'en', '{OpenStaxCollege}', '{OpenStaxCollege,cnxcap}', '{OSCRiceUniversity}', NULL, NULL, NULL, 5, NULL, NULL, NULL, NULL)
INSERT INTO modules VALUES (12, 'Module', 'm42699', 'f6024d8a-1868-44c7-ab65-45419ef54881', '1.3', 'Atomic Masses', '2013-07-31 14:07:25.422884-05', '2013-07-31 14:07:25.422884-05', 12, 12, '', 'cnxcap', 'Post Words and Numbers QA', 1, NULL, 'en', '{OpenStaxCollege}', '{OpenStaxCollege,cnxcap}', '{OSCRiceUniversity}', NULL, NULL, NULL, 3, NULL, NULL, NULL, NULL)
INSERT INTO moduletags VALUES (14, 5)
INSERT INTO keywords VALUES (35, 'drag coefficient')
INSERT INTO keywords VALUES (98, 'temperature')
INSERT INTO modulekeywords VALUES (3, 23)
INSERT INTO latest_modules VALUES (25, 'SubCollection', 'col15537', 'd7eb0963-6cfa-57fe-8e18-585474e8b563', '1.7', 'Introduction: The Nature of Science and Physics', '2013-07-31 14:07:20.342798-05', '2013-08-31 14:07:20.342798-05', NULL, 12, '38', 'OpenStaxCollege', 'New version 1.7', 1, NULL, 'en', '{OpenStaxCollege}', '{OpenStaxCollege,cnxcap}', '{OSCRiceUniversity}', NULL, 'UA-XXXXX-Y', NULL, 7, 1, NULL, NULL, NULL)
INSERT INTO document_controls VALUES ('26346a42-84b9-48ad-9f6a-62303c16ad41', 11)
INSERT INTO modulekeywords VALUES (1, 103)
INSERT INTO persons VALUES ('cnxcap', NULL, 'College', NULL, 'Physics', NULL, 'OSC Physics Maintainer', NULL, NULL, NULL)
INSERT INTO keywords VALUES (55, 'velocity')
INSERT INTO modules VALUES (23, 'SubCollection', 'col15535', 'd8bd3fb3-7b7b-5cee-9f2d-839e76638459', '1.1', 'Further Applications of Newton''s Laws: Friction, Drag, and Elasticity', '2013-07-31 14:07:20.342798-05', '2013-08-31 14:07:20.342798-05', NULL, 12, '82', 'OpenStaxCollege', 'New version 1.7', NULL, 1, 'en', '{OpenStaxCollege}', '{OpenStaxCollege,cnxcap}', '{OSCRiceUniversity}', '{OpenStaxCollege}', 'UA-XXXXX-Y', NULL, 1, 1, NULL, NULL, NULL)
INSERT INTO modulekeywords VALUES (8, 46)
INSERT INTO moduletags VALUES (11, 5)
INSERT INTO document_controls VALUES ('ea271306-f7f2-46ac-b2ec-1d80ff186a59', 11)
INSERT INTO persons VALUES ('OSCRiceUniversity', NULL, 'Rice', NULL, 'University', NULL, 'Rice University', NULL, NULL, NULL)
INSERT INTO module_files VALUES (4, 13, 'Figure_01_01_05_aa.jpg')
INSERT INTO modulekeywords VALUES (2, 1)
INSERT INTO keywords VALUES (76, 'fluid statics')
INSERT INTO modulekeywords VALUES (1, 64)
INSERT INTO keywords VALUES (69, 'electric current')
INSERT INTO modulekeywords VALUES (3, 17)
INSERT INTO modules VALUES (19, 'Module', 'm41237', '91cb5f28-2b8a-4324-9373-dac1d617bc24', '1.1', 'Indkøb', '2011-10-05 14:07:25.745201-05', '2011-10-05 14:07:25.745201-05', 16, 12, '', '', '', NULL, NULL, 'da', '{Rasmus1975}', '{Rasmus1975}', '{Rasmus1975}', NULL, NULL, NULL, 1, NULL, NULL, NULL, NULL)
INSERT INTO module_files VALUES (5, 24, 'index.cnxml')
INSERT INTO trees VALUES (88, 74, 13, NULL, 6, NULL, false)
INSERT INTO keywords VALUES (77, 'forces')
INSERT INTO abstracts VALUES (1, '')
INSERT INTO keywords VALUES (99, 'thermodynamics')
INSERT INTO module_files VALUES (13, 80, 'index.cnxml')
INSERT INTO modulekeywords VALUES (3, 14)
INSERT INTO modulekeywords VALUES (3, 7)
INSERT INTO keywords VALUES (83, 'kinetic theory')
INSERT INTO trees VALUES (47, 44, 10, NULL, 4, NULL, false)
INSERT INTO trees VALUES (67, 63, 11, NULL, 5, NULL, false)
INSERT INTO module_files VALUES (5, 26, 'Figure_01_02_01b.jpg')
INSERT INTO modulekeywords VALUES (5, 26)
INSERT INTO keywords VALUES (57, 'shear deformation')
INSERT INTO modulekeywords VALUES (8, 39)
INSERT INTO modules VALUES (3, 'Module', 'm42119', 'f3c9ab70-a916-4d8c-9256-42953287b4e9', '1.3', 'Introduction to Science and the Realm of Physics, Physical Quantities, and Units', '2013-07-31 14:07:20.590652-05', '2013-07-31 14:07:20.590652-05', 3, 12, '', 'cnxcap', 'updated images', 1, NULL, 'en', '{OpenStaxCollege}', '{OpenStaxCollege,cnxcap}', '{OSCRiceUniversity}', NULL, NULL, NULL, 3, NULL, NULL, NULL, NULL)
INSERT INTO document_acl VALUES ('f6024d8a-1868-44c7-ab65-45419ef54881', 'OpenStaxCollege', 'publish')
INSERT INTO trees VALUES (98, 97, 2, NULL, 1, NULL, false)
INSERT INTO modulekeywords VALUES (3, 6)
INSERT INTO document_controls VALUES ('7250386b-14a7-41a2-b8bf-9e9ab872f0dc', 11)
SELECT true FROM module_files NATURAL JOIN files 
INSERT INTO modulekeywords VALUES (3, 29)
INSERT INTO modulekeywords VALUES (10, 55)
INSERT INTO keywords VALUES (62, 'biological and medical applications')
INSERT INTO trees VALUES (82, 74, 23, 'Further Applications of Newton''s Laws: Friction, Drag, and Elasticity', 4, NULL, false)
SELECT cnxml_content(4) FROM files
INSERT INTO trees VALUES (50, 36, 13, NULL, 6, NULL, false)
INSERT INTO modulekeywords VALUES (1, 70)
INSERT INTO modulekeywords VALUES (3, 26)
INSERT INTO modules VALUES (1, 'Collection', 'col11406', 'e79ffde3-7fb4-4af3-9ec8-df648b391597', '1.7', 'College Physics', '2013-07-31 14:07:20.342798-05', '2013-08-31 14:07:20.342798-05', 1, 12, '', 'OpenStaxCollege', 'New version 1.7', 1, NULL, 'en', '{OpenStaxCollege}', '{OpenStaxCollege,cnxcap}', '{OSCRiceUniversity}', NULL, 'UA-XXXXX-Y', NULL, 7, 1, NULL, NULL, NULL)
INSERT INTO modulekeywords VALUES (5, 14)
INSERT INTO document_acl VALUES ('5152cea8-829a-4aaf-bcc5-c58a416ecb66', 'OpenStaxCollege', 'publish')
INSERT INTO modulekeywords VALUES (8, 40)
INSERT INTO module_files VALUES (11, 76, 'Figure_06_03_09a.jpg')
INSERT INTO modulekeywords VALUES (3, 11)
INSERT INTO modulekeywords VALUES (1, 94)
INSERT INTO document_acl VALUES ('7250386b-14a7-41a2-b8bf-9e9ab872f0dc', 'cnxcap', 'publish')
INSERT INTO module_files VALUES (10, 23, 'PhET_Icon.png')
INSERT INTO latest_modules VALUES (19, 'Module', 'm41237', '91cb5f28-2b8a-4324-9373-dac1d617bc24', '1.1', 'Indkøb', '2011-10-05 14:07:25.745201-05', '2011-10-05 14:07:25.745201-05', 16, 12, '', '', '', NULL, NULL, 'da', '{Rasmus1975}', '{Rasmus1975}', '{Rasmus1975}', NULL, NULL, NULL, 1, NULL, NULL, NULL, NULL)
INSERT INTO document_acl VALUES ('ea271306-f7f2-46ac-b2ec-1d80ff186a59', 'OpenStaxCollege', 'publish')
INSERT INTO trees VALUES (58, 57, 3, NULL, 2, NULL, false)
INSERT INTO keywords VALUES (18, 'Order of magnitude')
INSERT INTO keywords VALUES (84, 'linear momentum')
INSERT INTO document_acl VALUES ('a733d0d2-de9b-43f9-8aa9-f0895036899e', 'OpenStaxCollege', 'publish')
INSERT INTO modulekeywords VALUES (9, 42)
INSERT INTO modulekeywords VALUES (8, 42)
INSERT INTO keywords VALUES (56, 'Young’s modulus')
INSERT INTO trees VALUES (52, 36, 15, NULL, 8, NULL, false)
INSERT INTO module_files VALUES (19, 102, 'index.cnxml')
INSERT INTO modulekeywords VALUES (3, 16)
INSERT INTO trees VALUES (90, 74, 16, NULL, 8, NULL, false)
INSERT INTO moduletags VALUES (16, 5)
INSERT INTO modulekeywords VALUES (1, 93)
INSERT INTO modules VALUES (4, 'Module', 'm42092', 'd395b566-5fe3-4428-bcb2-19016e3aa3ce', '1.4', 'Physics: An Introduction', '2013-07-31 14:07:20.75499-05', '2013-07-31 14:07:20.75499-05', 4, 11, '', '46cf263d-2eef-42f1-8523-1b650006868a', '', NULL, NULL, 'en', '{e5a07af6-09b9-4b74-aa7a-b7510bee90b8}', '{e5a07af6-09b9-4b74-aa7a-b7510bee90b8,1df3bab1-1dc7-4017-9b3a-960a87e706b1}', '{9366c786-e3c8-4960-83d4-aec1269ac5e5}', NULL, NULL, NULL, 4, NULL)
INSERT INTO keywords VALUES (67, 'elasticity')
INSERT INTO modulekeywords VALUES (1, 89)
INSERT INTO keywords VALUES (14, 'Meter')
INSERT INTO module_files VALUES (11, 71, 'Figure_06_03_03a.jpg')
INSERT INTO modulekeywords VALUES (9, 40)
INSERT INTO modules VALUES (14, 'Module', 'm42720', 'c0a76659-c311-405f-9a99-15c71af39325', '1.5', 'Useful Inførmation', '2013-07-31 14:07:25.616481-05', '2013-07-31 14:07:25.616481-05', 14, 12, '', 'cnxcap', 'fixed errata', 1, NULL, 'en', '{OpenStaxCollege}', '{OpenStaxCollege,cnxcap}', '{OSCRiceUniversity}', NULL, NULL, NULL, 5, NULL, NULL, NULL, NULL)
INSERT INTO trees VALUES (87, 74, 12, NULL, 5, NULL, false)
INSERT INTO moduletags VALUES (6, 4)
INSERT INTO module_files VALUES (9, 58, 'Figure_06_01_07a.jpg')
INSERT INTO keywords VALUES (45, 'motion')
INSERT INTO keywords VALUES (71, 'electrical technologies')
INSERT INTO modulekeywords VALUES (3, 15)
INSERT INTO module_files VALUES (9, 47, 'index.cnxml')
INSERT INTO modulekeywords VALUES (10, 38)
INSERT INTO trees VALUES (37, 36, 2, 'Preface', 2, NULL, false)
INSERT INTO modulekeywords VALUES (6, 27)
INSERT INTO trees VALUES (61, 57, 6, NULL, 5, NULL, false)
INSERT INTO document_acl VALUES ('d17ce3fa-f871-5648-81b0-46128103d61c', 'cnxcap', 'publish')
INSERT INTO trees VALUES (53, NULL, 17, NULL, 0, NULL, false)
INSERT INTO modules VALUES ( 5, 'Module', 'm4', 'dd7b92c2-e82e-43bb-b224-accbc3cd395a', '1.1', 'Name of m4', '2013-07-31 12:00:00.000000+02', '2013-10-03 21:16:20.000000+02', 1, 11, '', '', '', NULL, NULL, 'en', '{}', '{}', '{}', NULL, NULL, NULL, 1, 1)
INSERT INTO document_controls VALUES ('f6024d8a-1868-44c7-ab65-45419ef54881', 11)
INSERT INTO modules VALUES (4, 'Module', 'm42092', 'd395b566-5fe3-4428-bcb2-19016e3aa3ce', '1.4', 'Physics: An Introduction', '2013-07-31 14:07:20.75499-05', '2013-07-31 14:07:20.75499-05', 4, 11, '', '46cf263d-2eef-42f1-8523-1b650006868a', '', DEFAULT, NULL, 'en', '{e5a07af6-09b9-4b74-aa7a-b7510bee90b8}', '{e5a07af6-09b9-4b74-aa7a-b7510bee90b8,1df3bab1-1dc7-4017-9b3a-960a87e706b1}', '{9366c786-e3c8-4960-83d4-aec1269ac5e5}', NULL, NULL, NULL, 4, NULL)
INSERT INTO collated_file_associations VALUES (17, 20, 109)
INSERT INTO modulekeywords VALUES (6, 30)
INSERT INTO trees VALUES (62, 57, 7, NULL, 6, NULL, false)
INSERT INTO module_files VALUES (3, 114, 'index.cnxml.html')
INSERT INTO modulekeywords VALUES (5, 28)
INSERT INTO latest_modules VALUES (7, 'Module', 'm42121', '5838b105-41cd-4c3d-a957-3ac004a48af3', '1.5', 'Approximation', '2013-07-31 14:07:22.245879-05', '2013-07-31 14:07:22.245879-05', 7, 12, '', 'cnxcap', 'post W&N QA', 1, NULL, 'en', '{OpenStaxCollege}', '{OpenStaxCollege,cnxcap}', '{OSCRiceUniversity}', NULL, NULL, NULL, 5, NULL, NULL, NULL, NULL)
INSERT INTO modulekeywords VALUES (1, 73)
INSERT INTO keywords VALUES (26, 'Second')
INSERT INTO modulekeywords VALUES (1, 67)
INSERT INTO module_files VALUES (6, 34, 'Figure_01_03_01.jpg')
INSERT INTO module_files VALUES (4, 18, 'Figure_01_01_10_aa.jpg')
INSERT INTO document_controls VALUES ('56f1c5c1-4014-450d-a477-2121e276beca', 11)
INSERT INTO modulekeywords VALUES (1, 82)
SELECT * FROM modules WHERE module_ident = 6;
INSERT INTO trees VALUES (48, 44, 11, NULL, 5, NULL, false)
INSERT INTO modulekeywords VALUES (5, 8)
INSERT INTO module_files VALUES (7, 41, 'index_auto_generated.cnxml')
SELECT module_ident FROM modules WHERE uuid = %s);
INSERT INTO document_acl VALUES ('7250386b-14a7-41a2-b8bf-9e9ab872f0dc', 'OpenStaxCollege', 'publish')
INSERT INTO modules VALUES (2, 'Module', 'm42955', '209deb1f-1a46-4369-9e0d-18674cf58a3e', '1.7', 'Preface to College Physics', '2013-07-31 14:07:20.542211-05', '2013-07-31 14:07:20.542211-05', 2, 12, '', 'OpenStaxCollege', 'Updated author title to Dr.', 1, NULL, 'en', '{OpenStaxCollege,cnxcap}', '{OpenStaxCollege,cnxcap}', '{OSCRiceUniversity}', NULL, NULL, NULL, 7, NULL, NULL, NULL, NULL)
INSERT INTO keywords VALUES (60, 'atomic physics')
INSERT INTO modulekeywords VALUES (11, 56)
INSERT INTO module_files VALUES (2, 118, 'index.cnxml.html')
INSERT INTO module_files VALUES (1, 106, 'featured-cover.png')
INSERT INTO modulekeywords VALUES (10, 35)
INSERT INTO modulekeywords VALUES (1, 84)
INSERT INTO modules VALUES (5, 'Module', 'm42091', 'c8bdbabc-62b1-4a5f-b291-982ab25756d7', '1.6', 'Physical Quantities and Units', '2013-07-31 14:07:21.597444-05', '2013-07-31 14:07:21.597444-05', 5, 12, '', 'cnxcap', 'None, correction was made to ISM.', 1, NULL, 'en', '{OpenStaxCollege}', '{OpenStaxCollege,cnxcap}', '{OSCRiceUniversity}', NULL, NULL, NULL, 6, NULL, NULL, NULL, NULL)
INSERT INTO moduletags VALUES (13, NULL)
INSERT INTO trees VALUES (60, 57, 5, NULL, 4, NULL, false)
INSERT INTO modulekeywords VALUES (11, 53)
SELECT * FROM modules WHERE module_ident = 4;
INSERT INTO moduletags VALUES (5, 4)
INSERT INTO module_files VALUES (11, 75, 'Figure_06_03_08a.jpg')
INSERT INTO trees VALUES (46, 44, 9, NULL, 3, NULL, false)
INSERT INTO modulekeywords VALUES (2, 2)
SELECT count(*) from overall_hit_ranks;
INSERT INTO modulekeywords VALUES (8, 36)
INSERT INTO latest_modules VALUES (11, 'Module', 'm42081', '56f1c5c1-4014-450d-a477-2121e276beca', '1.8', 'Elasticity: Stress and Strain', '2013-07-31 14:07:24.856663-05', '2013-07-31 14:07:24.856663-05', 11, 12, '', 'OpenStaxCollege', 'Added more examples', 1, NULL, 'en', '{OpenStaxCollege}', '{OpenStaxCollege,cnxcap}', '{OSCRiceUniversity}', NULL, NULL, 'http://openstaxcollege.worksmartsuite.com/', 8, NULL, NULL, NULL, NULL)
INSERT INTO modulekeywords VALUES (8, 49)
INSERT INTO latest_modules VALUES (20, 'CompositeModule', 'm45678', '174c4069-2743-42e9-adfe-4c7084f81fc5', '1.1', 'Collated page', '2016-04-08 10:41:40.584762-05', '2016-04-08 10:41:40.584762-05', 17, 12, '', 'OpenStaxCollege', '', NULL, NULL, 'en', '{OpenStaxCollege}', '{OpenStaxCollege,cnxcap}', '{OSCRiceUniversity}', NULL, NULL, NULL, 1, NULL, NULL, NULL, NULL)
INSERT INTO modulekeywords VALUES (7, 5)
INSERT INTO modulekeywords VALUES (5, 18)
INSERT INTO keywords VALUES (63, 'circuits')
INSERT INTO module_files VALUES (14, 119, 'index.cnxml.html')
INSERT INTO modulekeywords VALUES (11, 52)
INSERT INTO keywords VALUES (9, 'Derived units')
INSERT INTO keywords VALUES (22, 'Precision')
INSERT INTO document_controls VALUES ('d7eb0963-6cfa-57fe-8e18-585474e8b563', NULL)
INSERT INTO keywords VALUES (61, 'bioelectricity')
INSERT INTO modulekeywords VALUES (3, 18)
INSERT INTO document_acl VALUES ('c8bdbabc-62b1-4a5f-b291-982ab25756d7', 'OpenStaxCollege', 'publish')
INSERT INTO module_files VALUES (8, 117, 'index.cnxml.html')
INSERT INTO modulekeywords VALUES (11, 37)
INSERT INTO module_files VALUES (3, 6, 'Figure_01_00_01.jpg')
INSERT INTO modulekeywords VALUES (1, 61)
INSERT INTO moduletags VALUES (10, 5)
INSERT INTO trees VALUES (95, 94, 2, 'New Preface', 1, NULL, true)
INSERT INTO module_files VALUES (6, 124, 'index.cnxml.html')
INSERT INTO modulekeywords VALUES (3, 5)
INSERT INTO modules VALUES ( 6, 'Module', 'm5', '84b98813-928b-4f3f-b7d0-0472c82bfd1c', '1.1', 'Name of m5', '2013-07-31 12:00:00.000000+02', '2013-10-03 21:16:20.000000+02', 1, 11, '', '', '', NULL, NULL, 'en', '{}', '{}', '{}', NULL, NULL, NULL, 1, 1)
INSERT INTO keywords VALUES (103, 'work')
INSERT INTO module_files VALUES (6, 38, 'estimation_en.jar')
INSERT INTO latest_modules VALUES (26, 'SubCollection', 'col15538', 'd17ce3fa-f871-5648-81b0-46128103d61c', '1.7', 'Further Applications of Newton''s Laws: Friction, Drag, and Elasticity', '2013-07-31 14:07:20.342798-05', '2013-08-31 14:07:20.342798-05', NULL, 12, '44', 'OpenStaxCollege', 'New version 1.7', 1, NULL, 'en', '{OpenStaxCollege}', '{OpenStaxCollege,cnxcap}', '{OSCRiceUniversity}', NULL, 'UA-XXXXX-Y', NULL, 7, 1, NULL, NULL, NULL)
INSERT INTO document_acl VALUES ('56f1c5c1-4014-450d-a477-2121e276beca', 'cnxcap', 'publish')
SELECT true FROM module_files 
INSERT INTO keywords VALUES (64, 'collisions')
INSERT INTO keywords VALUES (90, 'particle physics')
INSERT INTO modules VALUES (6, 'Module', 'm42120', '5152cea8-829a-4aaf-bcc5-c58a416ecb66', '1.7', 'Accuracy, Precision, and Significant Figures', '2013-07-31 14:07:21.833994-05', '2013-07-31 14:07:21.833994-05', 6, 12, '', 'cnxcap', 'W&N solutions manual pass', 1, NULL, 'en', '{OpenStaxCollege}', '{OpenStaxCollege,cnxcap}', '{OSCRiceUniversity}', NULL, NULL, NULL, 7, NULL, NULL, NULL, NULL)
INSERT INTO document_acl VALUES ('5838b105-41cd-4c3d-a957-3ac004a48af3', 'cnxcap', 'publish')
INSERT INTO moduletags VALUES (13, 4)
INSERT INTO keywords VALUES (54, 'tension')
INSERT INTO keywords VALUES (17, 'Modern physics')
INSERT INTO modules VALUES ( DEFAULT, 'Module', 'm1', DEFAULT, '1.1', 'Name of m1', '2013-07-31 12:00:00.000000+02', '2013-10-03 21:14:11.000000+02', 1, 11, '', '', '', DEFAULT, NULL, 'en', '{}', '{}', '{}', NULL, NULL, NULL, 1, NULL, NULL)
INSERT INTO modulekeywords VALUES (11, 54)
INSERT INTO trees VALUES (78, 76, 4, NULL, 3, NULL, false)
INSERT INTO keywords VALUES (32, 'bulk modulus')
INSERT INTO modulekeywords VALUES (1, 59)
