INSERT INTO CURRENCYFORMATS VALUES ('192', '%s', '', '', '.', ',', '100', 'ECV', 'Fiat', '1')
INSERT INTO CURRENCYFORMATS VALUES ('187', '%s', '', '', '.', ',', '100', 'CUP', 'Fiat', '0')
INSERT INTO CURRENCYFORMATS VALUES ('245', '%s', '', '', '.', ',', '100', 'SKK', 'Fiat', '1')
INSERT INTO CURRENCYFORMATS VALUES ('193', '%s', '', '', '.', ',', '100', 'EEK', 'Fiat', '1')
CREATE INDEX IDX_CHECKINGACCOUNT_ACCOUNT ON CHECKINGACCOUNT (ACCOUNTID, TOACCOUNTID);
CREATE TABLE IF NOT EXISTS CATEGORY_V1(		CATEGID integer primary key		, CATEGNAME TEXT COLLATE NOCASE NOT NULL UNIQUE		)
INSERT INTO CURRENCYFORMATS VALUES ('107', '%s', 'kr', '', '.', ' ', '100', 'NOK', 'Fiat', '0')
INSERT INTO CURRENCYFORMATS VALUES ('249', '%s', '', '', '.', ',', '100', 'SUR', 'Fiat', '1')
INSERT INTO CURRENCYFORMATS VALUES ('13', '%s', '%s', '', '.', ' ', '100', 'AWG', 'Fiat', '0')
INSERT INTO CURRENCYFORMATS VALUES ('97', '%s', '', '', '.', ' ', '100', 'MDL', 'Fiat', '0')
create table REPORT(		REPORTID integer not null primary key		, REPORTNAME TEXT COLLATE NOCASE NOT NULL UNIQUE		, GROUPNAME TEXT COLLATE NOCASE		, SQLCONTENT TEXT		, LUACONTENT TEXT		, TEMPLATECONTENT TEXT		, DESCRIPTION TEXT		)
INSERT INTO CURRENCYFORMATS VALUES ('164', '%s', '', '', '.', ',', '100', 'AYM', 'Fiat', '1')
CREATE TABLE CHECKINGACCOUNT(		TRANSID integer primary key		, ACCOUNTID integer NOT NULL		, TOACCOUNTID integer		, PAYEEID integer NOT NULL		, TRANSCODE TEXT NOT NULL /* Withdrawal, Deposit, Transfer */		, TRANSAMOUNT numeric NOT NULL		, STATUS TEXT /* None, Reconciled, Void, Follow up, Duplicate */		, TRANSACTIONNUMBER TEXT		, NOTES TEXT		, CATEGID integer		, SUBCATEGID integer		, TRANSDATE TEXT		, FOLLOWUPID integer		, TOTRANSAMOUNT numeric		)
select * from PAYEE
INSERT INTO CURRENCYFORMATS VALUES ('116', '%s', 'QR', '', '.', ' ', '100', 'QAR', 'Fiat', '0')
INSERT INTO CURRENCYFORMATS VALUES ('109', '%s', 'Rs.', '', '.', ' ', '100', 'PKR', 'Fiat', '0')
INSERT INTO CURRENCYFORMATS VALUES ('225', '%s', '', '', '.', ',', '100', 'MTP', 'Fiat', '1')
INSERT INTO CURRENCYFORMATS VALUES ('61', '%s', 'G', '', '.', ' ', '100', 'HTG', 'Fiat', '0')
select * from ACCOUNTLIST_V1
INSERT INTO CURRENCYFORMATS VALUES ('5', '%s', '%s', '', ',', ' ', '100', 'UAH', 'Fiat', '0')
INSERT INTO CURRENCYFORMATS VALUES ('159', '%s', '', '', '.', ',', '100', 'AOR', 'Fiat', '1')
INSERT INTO SUBCATEGORY VALUES ('27', '%s', '7')
INSERT INTO CURRENCYFORMATS VALUES ('206', '%s', '', '', '.', ',', '100', 'GWE', 'Fiat', '1')
INSERT INTO CURRENCYFORMATS VALUES ('24', '%s', 'Nu.', '', '.', ' ', '100', 'BTN', 'Fiat', '0')
INSERT INTO CURRENCYFORMATS VALUES ('167', '%s', '', '', '.', ',', '100', 'BEC', 'Fiat', '1')
INSERT INTO SUBCATEGORY VALUES ('29', '%s', '8')
SELECT MIN(currdate) FROM CURRENCYHISTORY WHERE currencyid = '%i' AND currdate >= '%s';
INSERT INTO SUBCATEGORY VALUES ('35', '%s', '10')
CREATE TABLE SHAREINFO (		SHAREINFOID integer NOT NULL primary key		, CHECKINGACCOUNTID integer NOT NULL		, SHARENUMBER numeric		, SHAREPRICE numeric		, SHARECOMMISSION numeric		, SHARELOT TEXT		)
INSERT INTO CURRENCYFORMATS VALUES ('14', '%s', '$', '', '.', ',', '100', 'AUD', 'Fiat', '0')
SELECT ACCOUNTID, ACCOUNTNAME, ACCOUNTTYPE, ACCOUNTNUM, STATUS, NOTES, HELDAT, WEBSITE, CONTACTINFO, ACCESSINFO, INITIALBAL, FAVORITEACCT, CURRENCYID, STATEMENTLOCKED, STATEMENTDATE, MINIMUMBALANCE, CREDITLIMIT, INTERESTRATE, PAYMENTDUEDATE, MINIMUMPAYMENT FROM ACCOUNTLIST 
CREATE TABLE BILLSDEPOSITS(		BDID integer primary key		, ACCOUNTID integer NOT NULL		, TOACCOUNTID integer		, PAYEEID integer NOT NULL		, TRANSCODE TEXT NOT NULL /* Withdrawal, Deposit, Transfer */		, TRANSAMOUNT numeric NOT NULL		, STATUS TEXT /* None, Reconciled, Void, Follow up, Duplicate */		, TRANSACTIONNUMBER TEXT		, NOTES TEXT		, CATEGID integer		, SUBCATEGID integer		, TRANSDATE TEXT		, FOLLOWUPID integer		, TOTRANSAMOUNT numeric		, REPEATS integer		, NEXTOCCURRENCEDATE TEXT		, NUMOCCURRENCES integer		)
INSERT INTO CURRENCYFORMATS VALUES ('155', '%s', '', '', '.', ',', '100', 'AFA', 'Fiat', '1')
select * from ACCOUNTLIST where ACCOUNTTYPE != 'Investment'
INSERT INTO CURRENCYFORMATS VALUES ('258', '%s', '', '', '.', ',', '100', 'UGW', 'Fiat', '1')
CREATE TABLE CURRENCYFORMATS_V1_NEW(		CURRENCYID integer primary key		, CURRENCYNAME TEXT COLLATE NOCASE NOT NULL UNIQUE		, PFX_SYMBOL TEXT		, SFX_SYMBOL TEXT		, DECIMAL_POINT TEXT		, GROUP_SEPARATOR TEXT		, SCALE integer		, BASECONVRATE numeric		, CURRENCY_SYMBOL TEXT COLLATE NOCASE NOT NULL UNIQUE		, CURRENCY_TYPE TEXT /* Traditional, Crypto */		)
CREATE TABLE BUDGETYEAR(		BUDGETYEARID integer primary key		, BUDGETYEARNAME TEXT NOT NULL UNIQUE		)
INSERT INTO CURRENCYFORMATS VALUES ('224', '%s', '', '', '.', ',', '100', 'MTL', 'Fiat', '1')
INSERT INTO CURRENCYFORMATS VALUES ('227', '%s', '', '', '.', ',', '100', 'MXP', 'Fiat', '1')
CREATE TABLE IF NOT EXISTS SHAREINFO_V1 (		SHAREINFOID integer NOT NULL primary key		, CHECKINGACCOUNTID integer NOT NULL		, SHARENUMBER numeric		, SHAREPRICE numeric		, SHARECOMMISSION numeric		, SHARELOT TEXT		)
CREATE TABLE STOCK(STOCKID integer primary key, HELDAT integer, PURCHASEDATE TEXT NOT NULL, STOCKNAME TEXT COLLATE NOCASE NOT NULL, SYMBOL TEXT, NUMSHARES numeric, PURCHASEPRICE numeric NOT NULL, NOTES TEXT, CURRENTPRICE numeric NOT NULL, VALUE numeric, COMMISSION numeric)
INSERT INTO SUBCATEGORY VALUES ('19', '%s', '5')
INSERT INTO CURRENCYFORMATS VALUES ('29', '%s', 'B$', '', '.', ' ', '100', 'BND', 'Fiat', '0')
INSERT INTO CURRENCYFORMATS VALUES ('176', '%s', '', '', '.', ',', '100', 'BRE', 'Fiat', '1')
INSERT INTO CURRENCYFORMATS VALUES ('19', '%s', 'Bds$', '', '.', ' ', '100', 'BBD', 'Fiat', '0')
UPDATE BILLSDEPOSITS SET ACCOUNTID = ?, TOACCOUNTID = ?, PAYEEID = ?, TRANSCODE = ?, TRANSAMOUNT = ?, STATUS = ?, TRANSACTIONNUMBER = ?, NOTES = ?, CATEGID = ?, SUBCATEGID = ?, TRANSDATE = ?, FOLLOWUPID = ?, TOTRANSAMOUNT = ?, REPEATS = ?, NEXTOCCURRENCEDATE = ?, NUMOCCURRENCES = ?  WHERE BDID = ?
INSERT INTO CURRENCYFORMATS VALUES ('33', '%s', 'CFA', '', '.', ' ', '1', 'XAF', 'Fiat', '0')
INSERT INTO CURRENCYFORMATS VALUES ('223', '%s', '', '', '.', ',', '100', 'MRU', 'Fiat', '0')
INSERT INTO CURRENCYFORMATS VALUES ('195', '%s', '', '', '.', ',', '100', 'ESB', 'Fiat', '1')
INSERT INTO CURRENCYFORMATS VALUES ('237', '%s', '', '', '.', ',', '100', 'PTE', 'Fiat', '1')
INSERT INTO CURRENCYFORMATS VALUES ('35', '%s', 'Esc', '', '.', ' ', '100', 'CVE', 'Fiat', '0')
CREATE TABLE IF NOT EXISTS CURRENCYHISTORY_V1(		CURRHISTID INTEGER PRIMARY KEY		, CURRENCYID INTEGER NOT NULL		, CURRDATE TEXT NOT NULL		, CURRVALUE NUMERIC NOT NULL		, CURRUPDTYPE INTEGER		, UNIQUE(CURRENCYID, CURRDATE)		)
CREATE TABLE PAYEE(PAYEEID integer primary key, PAYEENAME TEXT COLLATE NOCASE NOT NULL UNIQUE, CATEGID integer, SUBCATEGID integer)
INSERT INTO CURRENCYFORMATS VALUES ('141', '%s', 'DT', '', '.', ' ', '1000', 'TND', 'Fiat', '0')
UPDATE SPLITTRANSACTIONS SET TRANSID = ?, CATEGID = ?, SUBCATEGID = ?, SPLITTRANSAMOUNT = ?  WHERE SPLITTRANSID = ?
INSERT INTO CURRENCYFORMATS VALUES ('27', '%s', 'P', '', '.', ' ', '100', 'BWP', 'Fiat', '0')
INSERT INTO CATEGORY VALUES ('7', '%s')
INSERT INTO CURRENCYFORMATS VALUES ('54', '%s', 'D', '', '.', ' ', '100', 'GMD', 'Fiat', '0')
INSERT INTO CURRENCYFORMATS VALUES ('212', '%s', '', '', '.', ',', '100', 'ISJ', 'Fiat', '1')
INSERT INTO CATEGORY VALUES ('12', '%s')
INSERT INTO CURRENCYFORMATS VALUES ('278', '%s', '', '', '.', ',', '100', 'ZWN', 'Fiat', '1')
INSERT INTO CURRENCYFORMATS VALUES ('47', '%s', 'RD$', '', '.', ' ', '100', 'DOP', 'Fiat', '0')
INSERT INTO CURRENCYFORMATS VALUES ('252', '%s', '', '', '.', ',', '100', 'TMM', 'Fiat', '1')
INSERT INTO SUBCATEGORY VALUES ('7', '%s', '1')
INSERT INTO CURRENCYFORMATS VALUES ('173', '%s', '', '', '.', ',', '100', 'BOP', 'Fiat', '1')
INSERT INTO CURRENCYFORMATS VALUES ('242', '%s', '', '', '.', ',', '100', 'SDD', 'Fiat', '1')
UPDATE SETTING_V1 SET SETTINGNAME = ?, SETTINGVALUE = ?  WHERE SETTINGID = ?
CREATE TABLE CATEGORY(CATEGID integer primary key, CATEGNAME TEXT COLLATE NOCASE NOT NULL UNIQUE)
INSERT INTO CURRENCYFORMATS VALUES ('232', '%s', '', '', '.', ',', '100', 'NLG', 'Fiat', '1')
CREATE TABLE IF NOT EXISTS ASSETCLASS_STOCK_V1 (		ID INTEGER primary key		, ASSETCLASSID INTEGER NOT NULL		, STOCKSYMBOL TEXT UNIQUE		)
UPDATE ATTACHMENT_V1 SET REFTYPE = Recurring  WHERE REFTYPE = RecurringTransaction
INSERT INTO CURRENCYFORMATS VALUES ('131', '%s', '$', '', '.', ' ', '100', 'SRD', 'Fiat', '0')
CREATE INDEX IDX_STOCKHISTORY_SYMBOL ON STOCKHISTORY(SYMBOL);
INSERT INTO CURRENCYFORMATS VALUES ('160', '%s', '', '', '.', ',', '100', 'ARA', 'Fiat', '1')
SELECT SPLITTRANSID, TRANSID, CATEGID, SUBCATEGID, SPLITTRANSAMOUNT FROM SPLITTRANSACTIONS 
INSERT INTO CURRENCYFORMATS VALUES ('128', '%s', 'Rs', '', '.', ' ', '100', 'LKR', 'Fiat', '0')
UPDATE ASSETCLASS SET PARENTID = ?, NAME = ?, ALLOCATION = ?, SORTORDER = ?  WHERE ID = ?
CREATE TABLE CURRENCYFORMATS_V1_NEW(		CURRENCYID integer primary key		, CURRENCYNAME TEXT COLLATE NOCASE NOT NULL		, PFX_SYMBOL TEXT		, SFX_SYMBOL TEXT		, DECIMAL_POINT TEXT		, GROUP_SEPARATOR TEXT		, SCALE integer		, BASECONVRATE numeric		, CURRENCY_SYMBOL TEXT COLLATE NOCASE NOT NULL UNIQUE		, CURRENCY_TYPE TEXT /* Traditional, Crypto */		, HISTORIC integer DEFAULT 0 /* 1 if no longer official */		)
INSERT INTO CURRENCYFORMATS VALUES ('235', '%s', '', '', '.', ',', '100', 'PES', 'Fiat', '1')
INSERT INTO SUBCATEGORY VALUES ('17', '%s', '5')
INSERT INTO CURRENCYFORMATS VALUES ('2', '%s', '%s', '', '.', ' ', '100', 'EUR', 'Fiat', '0')
INSERT INTO CATEGORY VALUES ('16', '%s')
INSERT INTO SUBCATEGORY VALUES ('16', '%s', '4')
CREATE TABLE ASSETCLASS_STOCK (		ID INTEGER primary key		, ASSETCLASSID INTEGER NOT NULL		, STOCKSYMBOL TEXT UNIQUE		)
CREATE TABLE SUBCATEGORY(SUBCATEGID integer primary key, SUBCATEGNAME TEXT COLLATE NOCASE NOT NULL, CATEGID integer NOT NULL, UNIQUE(CATEGID, SUBCATEGNAME))
SELECT CATEGID, CATEGNAME FROM CATEGORY 
CREATE TABLE CUSTOMFIELDDATA (		FIELDATADID INTEGER NOT NULL PRIMARY KEY		, FIELDID INTEGER NOT NULL		, REFID INTEGER NOT NULL		, CONTENT TEXT		, UNIQUE(FIELDID, REFID)		)
INSERT INTO CURRENCYFORMATS VALUES ('53', '%s', 'F', '', '.', ' ', '1', 'XPF', 'Fiat', '0')
CREATE TABLE CUSTOMFIELD (		FIELDID INTEGER NOT NULL PRIMARY KEY		, REFTYPE TEXT NOT NULL /* Transaction, Stock, Asset, BankAccount, RepeatingTransaction, Payee */		, DESCRIPTION TEXT COLLATE NOCASE		, TYPE TEXT NOT NULL /* String, Integer, Decimal, Boolean, Date, Time, SingleChoice, MultiChoice */		, PROPERTIES TEXT NOT NULL		)
CREATE TABLE IF NOT EXISTS TRANSLINK_V1 (		TRANSLINKID integer NOT NULL primary key		, CHECKINGACCOUNTID integer NOT NULL		, LINKTYPE TEXT NOT NULL /* Asset, Stock */		, LINKRECORDID integer NOT NULL		)
SELECT BUDGETYEARID, BUDGETYEARNAME FROM BUDGETYEAR 
INSERT INTO CURRENCYFORMATS VALUES ('162', '%s', '', '', '.', ',', '100', 'ARY', 'Fiat', '1')
SELECT SUBCATEGID, SUBCATEGNAME, CATEGID FROM SUBCATEGORY 
CREATE INDEX IDX_LINKRECORD ON TRANSLINK (LINKTYPE, LINKRECORDID);
INSERT INTO CURRENCYFORMATS VALUES ('178', '%s', '', '', '.', ',', '100', 'BRR', 'Fiat', '1')
INSERT INTO CURRENCYFORMATS VALUES ('77', '%s', 'W', '', '.', ' ', '100', 'KPW', 'Fiat', '0')
UPDATE SHAREINFO SET CHECKINGACCOUNTID = ?, SHARENUMBER = ?, SHAREPRICE = ?, SHARECOMMISSION = ?, SHARELOT = ?  WHERE SHAREINFOID = ?
CREATE TABLE IF NOT EXISTS SUBCATEGORY_V1(		SUBCATEGID integer primary key		, SUBCATEGNAME TEXT COLLATE NOCASE NOT NULL		, CATEGID integer NOT NULL		, UNIQUE(CATEGID, SUBCATEGNAME)		)
SELECT TRANSID, ACCOUNTID, TOACCOUNTID, PAYEEID, TRANSCODE, TRANSAMOUNT, STATUS, TRANSACTIONNUMBER, NOTES, CATEGID, SUBCATEGID, TRANSDATE, FOLLOWUPID, TOTRANSAMOUNT FROM CHECKINGACCOUNT 
INSERT INTO CURRENCYFORMATS VALUES ('79', '%s', '', '', '.', ' ', '1000', 'KWD', 'Fiat', '0')
INSERT INTO CURRENCYFORMATS VALUES ('259', '%s', '', '', '.', ',', '100', 'USS', 'Fiat', '1')
INSERT INTO SUBCATEGORY VALUES ('39', '%s', '13')
INSERT INTO CURRENCYFORMATS VALUES ('204', '%s', '', '', '.', ',', '100', 'GQE', 'Fiat', '1')
UPDATE STOCKHISTORY SET SYMBOL = ?, DATE = ?, VALUE = ?, UPDTYPE = ?  WHERE HISTID = ?
INSERT INTO CURRENCYFORMATS VALUES ('185', '%s', '', '', '.', ',', '100', 'CSK', 'Fiat', '1')
INSERT INTO CURRENCYFORMATS VALUES ('12', '%s', '', '', '.', ' ', '100', 'AMD', 'Fiat', '0')
INSERT INTO SUBCATEGORY VALUES ('15', '%s', '4')
CREATE TABLE BUDGETYEAR(BUDGETYEARID integer primary key, BUDGETYEARNAME TEXT NOT NULL UNIQUE)
SELECT BDID, ACCOUNTID, TOACCOUNTID, PAYEEID, TRANSCODE, TRANSAMOUNT, STATUS, TRANSACTIONNUMBER, NOTES, CATEGID, SUBCATEGID, TRANSDATE, FOLLOWUPID, TOTRANSAMOUNT, REPEATS, NEXTOCCURRENCEDATE, NUMOCCURRENCES FROM BILLSDEPOSITS 
SELECT TRANSLINKID, CHECKINGACCOUNTID, LINKTYPE, LINKRECORDID FROM TRANSLINK 
INSERT INTO CURRENCYFORMATS VALUES ('279', '%s', '', '', '.', ',', '100', 'ZWR', 'Fiat', '1')
CREATE TABLE IF NOT EXISTS SPLITTRANSACTIONS_V1(		SPLITTRANSID integer primary key		, TRANSID integer NOT NULL		, CATEGID integer		, SUBCATEGID integer		, SPLITTRANSAMOUNT numeric		)
INSERT INTO CATEGORY VALUES ('10', '%s')
INSERT INTO SUBCATEGORY VALUES ('2', '%s', '1')
UPDATE CURRENCYHISTORY SET CURRENCYID = ?, CURRDATE = ?, CURRVALUE = ?, CURRUPDTYPE = ?  WHERE CURRHISTID = ?
CREATE TABLE IF NOT EXISTS SHAREINFO_V1 (		SHAREINFOID integer NOT NULL primary key		, CHECKINGACCOUNTID integer NOT NULL		, SHARENUMBER numeric		, SHAREPRICE numeric		, SHARECOMMISSION numeric		, SHARELOT TEXT		)
INSERT INTO CURRENCYFORMATS VALUES ('138', '%s', '', '', '.', ' ', '100', 'TZS', 'Fiat', '0')
INSERT INTO CATEGORY VALUES ('15', '%s')
INSERT INTO CURRENCYFORMATS VALUES ('66', '%s', '%s', '', '.', ' ', '100', 'INR', 'Fiat', '0')
CREATE TABLE CUSTOMFIELD (FIELDID INTEGER NOT NULL PRIMARY KEY, REFTYPE TEXT NOT NULL /* Transaction, Stock, Asset, Bank Account, Repeating Transaction, Payee */, DESCRIPTION TEXT COLLATE NOCASE, TYPE TEXT NOT NULL /* String, Integer, Decimal, Boolean, Date, Time, SingleChoice, MultiChoice */, PROPERTIES TEXT NOT NULL)
INSERT INTO CATEGORY VALUES ('8', '%s')
INSERT INTO CURRENCYFORMATS VALUES ('194', '%s', '', '', '.', ',', '100', 'ESA', 'Fiat', '1')
UPDATE CATEGORY SET CATEGNAME = ?  WHERE CATEGID = ?
CREATE TABLE CATEGORY(		CATEGID integer primary key		, CATEGNAME TEXT COLLATE NOCASE NOT NULL UNIQUE		)
INSERT INTO CURRENCYFORMATS VALUES ('213', '%s', '', '', '.', ',', '100', 'ITL', 'Fiat', '1')
INSERT INTO CURRENCYFORMATS VALUES ('90', '%s', 'FMG', '', '.', ' ', '100', 'MGA', 'Fiat', '0')
CREATE TABLE REPORT(REPORTID integer not null primary key, REPORTNAME TEXT COLLATE NOCASE NOT NULL UNIQUE, GROUPNAME TEXT COLLATE NOCASE, SQLCONTENT TEXT, LUACONTENT TEXT, TEMPLATECONTENT TEXT, DESCRIPTION TEXT)
CREATE TABLE PAYEE(		PAYEEID integer primary key		, PAYEENAME TEXT COLLATE NOCASE NOT NULL UNIQUE		, CATEGID integer		, SUBCATEGID integer		)
INSERT INTO CURRENCYFORMATS VALUES ('248', '%s', '', '', '.', ',', '100', 'STN', 'Fiat', '0')
SELECT CURRHISTID, CURRENCYID, CURRDATE, CURRVALUE, CURRUPDTYPE FROM CURRENCYHISTORY 
CREATE INDEX IDX_SHAREINFO ON SHAREINFO (CHECKINGACCOUNTID);
INSERT INTO SUBCATEGORY VALUES ('22', '%s', '6')
CREATE TABLE STOCK(		STOCKID integer primary key		, HELDAT integer		, PURCHASEDATE TEXT NOT NULL		, STOCKNAME TEXT COLLATE NOCASE NOT NULL		, SYMBOL TEXT		, NUMSHARES numeric		, PURCHASEPRICE numeric NOT NULL		, NOTES TEXT		, CURRENTPRICE numeric NOT NULL		, VALUE numeric		, COMMISSION numeric		)
INSERT INTO CATEGORY VALUES ('2', '%s')
INSERT INTO CURRENCYFORMATS VALUES ('153', '%s', '%s', '', '.', ',', '100000000', 'BTC', 'Crypto', '0')
INSERT INTO CURRENCYFORMATS VALUES ('52', '%s', 'FJ$', '', '.', ' ', '100', 'FJD', 'Fiat', '0')
INSERT INTO CURRENCYFORMATS VALUES ('103', '%s', '%s', '', '.', ' ', '100', 'ANG', 'Fiat', '0')
INSERT INTO CURRENCYFORMATS VALUES ('73', '%s', '%s', '', '.', ' ', '1', 'JPY', 'Fiat', '0')
CREATE TABLE CURRENCYFORMATS_NEW(		CURRENCYID integer primary key		, CURRENCYNAME TEXT COLLATE NOCASE NOT NULL		, PFX_SYMBOL TEXT		, SFX_SYMBOL TEXT		, DECIMAL_POINT TEXT		, GROUP_SEPARATOR TEXT		, SCALE integer		, CURRENCY_SYMBOL TEXT COLLATE NOCASE NOT NULL UNIQUE		, CURRENCY_TYPE TEXT /* Fiat, Crypto */		, HISTORIC integer DEFAULT 0 /* 1 if no longer official */		)
INSERT INTO CURRENCYFORMATS VALUES ('129', '%s', '%s', '', '.', ' ', '100', 'SHP', 'Fiat', '0')
SELECT FIELDID, REFTYPE, DESCRIPTION, TYPE, PROPERTIES FROM CUSTOMFIELD 
CREATE TABLE IF NOT EXISTS INFOTABLE_V1(		INFOID integer not null primary key		, INFONAME TEXT COLLATE NOCASE NOT NULL UNIQUE		, INFOVALUE TEXT NOT NULL		)
INSERT INTO CURRENCYFORMATS VALUES ('219', '%s', '', '', '.', ',', '100', 'LUL', 'Fiat', '1')
INSERT INTO SUBCATEGORY VALUES ('1', '%s', '1')
INSERT INTO CURRENCYFORMATS VALUES ('143', '%s', 'm', '', '.', ' ', '100', 'TMT', 'Fiat', '0')
update CURRENCYFORMATS_V1 set CURRENCY_TYPE = Traditional where CURRENCY_SYMBOL = BTC
INSERT INTO CURRENCYFORMATS VALUES ('45', '%s', 'Kr', '', '.', ' ', '100', 'DKK', 'Fiat', '0')
INSERT INTO CURRENCYFORMATS VALUES ('59', '%s', 'FG', '', '.', ' ', '1', 'GNF', 'Fiat', '0')
INSERT INTO CURRENCYFORMATS VALUES ('108', '%s', '', '', '.', ' ', '1000', 'OMR', 'Fiat', '0')
INSERT INTO CURRENCYFORMATS VALUES ('89', '%s', '', '', '.', ' ', '100', 'MKD', 'Fiat', '0')
UPDATE CUSTOMFIELDDATA SET FIELDID = ?, REFID = ?, CONTENT = ?  WHERE FIELDATADID = ?
INSERT INTO SUBCATEGORY VALUES ('30', '%s', '8')
UPDATE BUDGETTABLE SET BUDGETYEARID = ?, CATEGID = ?, SUBCATEGID = ?, PERIOD = ?, AMOUNT = ?  WHERE BUDGETENTRYID = ?
INSERT INTO CURRENCYFORMATS VALUES ('211', '%s', '', '', '.', ',', '100', 'ILR', 'Fiat', '1')
INSERT INTO CURRENCYFORMATS VALUES ('241', '%s', '', '', '.', ',', '100', 'RUR', 'Fiat', '1')
INSERT INTO CURRENCYFORMATS VALUES ('189', '%s', '', '', '.', ',', '100', 'DDM', 'Fiat', '1')
INSERT INTO CURRENCYFORMATS VALUES ('105', '%s', 'C$', '', '.', ' ', '100', 'NIO', 'Fiat', '0')
INSERT INTO CURRENCYFORMATS VALUES ('114', '%s', '%s', '', '.', ' ', '100', 'PHP', 'Fiat', '0')
SELECT PAYEEID, PAYEENAME, CATEGID, SUBCATEGID FROM PAYEE 
INSERT INTO CURRENCYFORMATS VALUES ('80', '%s', '', '', '.', ' ', '100', 'KGS', 'Fiat', '0')
INSERT INTO CURRENCYFORMATS VALUES ('6', '%s', '%s', '', '.', ' ', '100', 'AFN', 'Fiat', '0')
UPDATE CURRENCYFORMATS SET CURRENCYNAME = ?, PFX_SYMBOL = ?, SFX_SYMBOL = ?, DECIMAL_POINT = ?, GROUP_SEPARATOR = ?, SCALE = ?, CURRENCY_SYMBOL = ?, CURRENCY_TYPE = ?, HISTORIC = ?  WHERE CURRENCYID = ?
UPDATE ATTACHMENT_V1 SET REFTYPE = Bank  WHERE REFTYPE = BankAccount
UPDATE BUDGETYEAR SET BUDGETYEARNAME = ?  WHERE BUDGETYEARID = ?
CREATE TABLE ACCOUNTLIST(ACCOUNTID integer primary key, ACCOUNTNAME TEXT COLLATE NOCASE NOT NULL UNIQUE, ACCOUNTTYPE TEXT NOT NULL /* Checking, Term, Investment, Credit Card */, ACCOUNTNUM TEXT, STATUS TEXT NOT NULL /* Open, Closed */, NOTES TEXT, HELDAT TEXT, WEBSITE TEXT, CONTACTINFO TEXT, ACCESSINFO TEXT, INITIALBAL numeric, FAVORITEACCT TEXT NOT NULL, CURRENCYID integer NOT NULL, STATEMENTLOCKED integer, STATEMENTDATE TEXT, MINIMUMBALANCE numeric, CREDITLIMIT numeric, INTERESTRATE numeric, PAYMENTDUEDATE text, MINIMUMPAYMENT numeric)
INSERT INTO SUBCATEGORY VALUES ('14', '%s', '4')
INSERT INTO CATEGORY VALUES ('9', '%s')
CREATE INDEX IDX_CUSTOMFIELDDATA_REF ON CUSTOMFIELDDATA (FIELDID, REFID);
INSERT INTO CURRENCYFORMATS VALUES ('1', '%s', '$', '', '.', ' ', '100', 'USD', 'Fiat', '0')
INSERT INTO CURRENCYFORMATS VALUES ('3', '%s', '%s', '', '.', ' ', '100', 'GBP', 'Fiat', '0')
INSERT INTO CURRENCYFORMATS VALUES ('119', '%s', 'Db', '', '.', ' ', '0', 'STD', 'Fiat', '1')
INSERT INTO CURRENCYFORMATS VALUES ('256', '%s', '', '', '.', ',', '100', 'UAK', 'Fiat', '1')
INSERT INTO SUBCATEGORY VALUES ('38', '%s', '10')
INSERT INTO CURRENCYFORMATS VALUES ('266', '%s', '', '', '.', ',', '100', 'YDD', 'Fiat', '1')
CREATE INDEX IDX_ASSETS_ASSETTYPE ON ASSETS(ASSETTYPE);
INSERT INTO CURRENCYFORMATS VALUES ('200', '%s', '', '', '.', ',', '100', 'GHC', 'Fiat', '1')
SELECT SETTINGID, SETTINGNAME, SETTINGVALUE FROM SETTING_V1 
CREATE INDEX IDX_CURRENCYHISTORY_CURRENCYID_CURRDATE ON CURRENCYHISTORY(CURRENCYID, CURRDATE);
INSERT INTO SUBCATEGORY VALUES ('20', '%s', '6')
INSERT INTO SUBCATEGORY VALUES ('8', '%s', '2')
INSERT INTO CURRENCYFORMATS VALUES ('8', '%s', '%s', '', '.', ' ', '100', 'DZD', 'Fiat', '0')
CREATE TABLE CURRENCYHISTORY(CURRHISTID INTEGER PRIMARY KEY, CURRENCYID INTEGER NOT NULL, CURRDATE TEXT NOT NULL, CURRVALUE NUMERIC NOT NULL, CURRUPDTYPE INTEGER, UNIQUE(CURRENCYID, CURRDATE))
CREATE TABLE IF NOT EXISTS PAYEE_V1(		PAYEEID integer primary key		, PAYEENAME TEXT COLLATE NOCASE NOT NULL UNIQUE		, CATEGID integer		, SUBCATEGID integer		)
INSERT INTO CURRENCYFORMATS VALUES ('110', '%s', 'B./', '', '.', ' ', '100', 'PAB', 'Fiat', '0')
INSERT INTO CURRENCYFORMATS VALUES ('196', '%s', '', '', '.', ',', '100', 'ESP', 'Fiat', '1')
INSERT INTO CURRENCYFORMATS VALUES ('121', '%s', 'din.', '', '.', ' ', '100', 'RSD', 'Fiat', '0')
INSERT INTO CURRENCYFORMATS VALUES ('207', '%s', '', '', '.', ',', '100', 'GWP', 'Fiat', '1')
CREATE TABLE SETTING_V1(SETTINGID integer not null primary key, SETTINGNAME TEXT COLLATE NOCASE NOT NULL UNIQUE, SETTINGVALUE TEXT)
INSERT INTO CURRENCYFORMATS VALUES ('217', '%s', '', '', '.', ',', '100', 'LUC', 'Fiat', '1')
INSERT INTO CURRENCYFORMATS VALUES ('230', '%s', '', '', '.', ',', '100', 'MZN', 'Fiat', '0')
INSERT INTO CURRENCYFORMATS VALUES ('139', '%s', '%s', '', '.', ' ', '100', 'THB', 'Fiat', '0')
INSERT INTO CATEGORY VALUES ('14', '%s')
INSERT INTO CURRENCYFORMATS VALUES ('229', '%s', '', '', '.', ',', '100', 'MZM', 'Fiat', '1')
INSERT INTO CURRENCYFORMATS VALUES ('255', '%s', '', '', '.', ',', '100', 'TRL', 'Fiat', '1')
CREATE TABLE SHAREINFO (SHAREINFOID integer NOT NULL primary key, CHECKINGACCOUNTID integer NOT NULL, SHARENUMBER numeric, SHAREPRICE numeric, SHARECOMMISSION numeric, SHARELOT TEXT)
INSERT INTO CURRENCYFORMATS VALUES ('113', '%s', 'S/.', '', '.', ' ', '100', 'PEN', 'Fiat', '0')
INSERT INTO CURRENCYFORMATS VALUES ('78', '%s', 'W', '', '.', ' ', '1', 'KRW', 'Fiat', '0')
INSERT INTO SUBCATEGORY VALUES ('5', '%s', '1')
CREATE TABLE IF NOT EXISTS ASSETCLASS_STOCK_V1 (		 'ID' INTEGER primary key,		 'ASSETCLASSID' INTEGER NOT NULL,		 'STOCKSYMBOL' TEXT UNIQUE		)
UPDATE INFOTABLE_V1 SET INFOVALUE = 3  WHERE INFONAME = DATAVERSION
INSERT INTO CURRENCYFORMATS VALUES ('170', '%s', '', '', '.', ',', '100', 'BGJ', 'Fiat', '1')
CREATE TABLE ASSETS(		ASSETID integer primary key		, STARTDATE TEXT NOT NULL		, ASSETNAME TEXT COLLATE NOCASE NOT NULL		, VALUE numeric		, VALUECHANGE TEXT /* None, Appreciates, Depreciates */		, NOTES TEXT		, VALUECHANGERATE numeric		, ASSETTYPE TEXT /* Property, Automobile, Household Object, Art, Jewellery, Cash, Other */		)
INSERT INTO CURRENCYFORMATS VALUES ('126', '%s', 'Sh.', '', '.', ' ', '100', 'SOS', 'Fiat', '0')
INSERT INTO CATEGORY VALUES ('6', '%s')
INSERT INTO CURRENCYFORMATS VALUES ('226', '%s', '', '', '.', ',', '100', 'MVQ', 'Fiat', '1')
INSERT INTO CURRENCYFORMATS VALUES ('30', '%s', '', '', '.', ' ', '100', 'BGN', 'Fiat', '0')
SELECT MAX(currdate) FROM CURRENCYHISTORY WHERE currencyid = '%i' AND currdate <= '%s';
INSERT INTO CURRENCYFORMATS VALUES ('175', '%s', '', '', '.', ',', '100', 'BRC', 'Fiat', '1')
INSERT INTO CURRENCYFORMATS VALUES ('240', '%s', '', '', '.', ',', '100', 'ROL', 'Fiat', '1')
INSERT INTO CURRENCYFORMATS VALUES ('202', '%s', '', '', '.', ',', '100', 'GNE', 'Fiat', '1')
INSERT INTO CURRENCYFORMATS VALUES ('272', '%s', '', '', '.', ',', '100', 'ZMW', 'Fiat', '0')
SELECT USAGEID, USAGEDATE, JSONCONTENT FROM USAGE_V1 
INSERT INTO CURRENCYFORMATS VALUES ('270', '%s', '', '', '.', ',', '100', 'ZAL', 'Fiat', '1')
CREATE TABLE INFOTABLE(		INFOID integer not null primary key		, INFONAME TEXT COLLATE NOCASE NOT NULL UNIQUE		, INFOVALUE TEXT NOT NULL		)
UPDATE INFOTABLE SET INFONAME = ?, INFOVALUE = ?  WHERE INFOID = ?
CREATE TABLE CURRENCYFORMATS(		CURRENCYID integer primary key		, CURRENCYNAME TEXT COLLATE NOCASE NOT NULL		, PFX_SYMBOL TEXT		, SFX_SYMBOL TEXT		, DECIMAL_POINT TEXT		, GROUP_SEPARATOR TEXT		, SCALE integer		, BASECONVRATE numeric		, CURRENCY_SYMBOL TEXT COLLATE NOCASE NOT NULL UNIQUE		, CURRENCY_TYPE TEXT /* Traditional, Crypto */		, HISTORIC integer DEFAULT 0 /* 1 if no longer official */		)
UPDATE TRANSLINK SET CHECKINGACCOUNTID = ?, LINKTYPE = ?, LINKRECORDID = ?  WHERE TRANSLINKID = ?
INSERT INTO CURRENCYFORMATS VALUES ('203', '%s', '', '', '.', ',', '100', 'GNS', 'Fiat', '1')
INSERT INTO CURRENCYFORMATS VALUES ('106', '%s', '%s', '', '.', ' ', '100', 'NGN', 'Fiat', '0')
select * from %s
INSERT INTO CURRENCYFORMATS VALUES ('38', '%s', '%s', '', '.', ' ', '100', 'CNY', 'Fiat', '0')
INSERT INTO CURRENCYFORMATS VALUES ('83', '%s', '', '', '.', ' ', '100', 'LBP', 'Fiat', '0')
CREATE INDEX IDX_BILLSDEPOSITS_ACCOUNT ON BILLSDEPOSITS (ACCOUNTID, TOACCOUNTID);
INSERT INTO CURRENCYFORMATS VALUES ('174', '%s', '', '', '.', ',', '100', 'BRB', 'Fiat', '1')
INSERT INTO SUBCATEGORY VALUES ('36', '%s', '10')
INSERT INTO CURRENCYFORMATS VALUES ('260', '%s', '', '', '.', ',', '100', 'UYN', 'Fiat', '1')
INSERT INTO CURRENCYFORMATS VALUES ('210', '%s', '', '', '.', ',', '100', 'ILP', 'Fiat', '1')
INSERT INTO CURRENCYFORMATS VALUES ('236', '%s', '', '', '.', ',', '100', 'PLZ', 'Fiat', '1')
INSERT INTO CURRENCYFORMATS VALUES ('124', '%s', 'S$', '', '.', ' ', '100', 'SGD', 'Fiat', '0')
SELECT REPORTID, REPORTNAME, GROUPNAME, SQLCONTENT, LUACONTENT, TEMPLATECONTENT, DESCRIPTION FROM REPORT 
CREATE TABLE SPLITTRANSACTIONS(SPLITTRANSID integer primary key, TRANSID integer NOT NULL, CATEGID integer, SUBCATEGID integer, SPLITTRANSAMOUNT numeric)
INSERT INTO CURRENCYFORMATS VALUES ('96', '%s', '$', '', '.', ' ', '100', 'MXN', 'Fiat', '0')
INSERT INTO CATEGORY VALUES ('4', '%s')
INSERT INTO CURRENCYFORMATS VALUES ('104', '%s', 'NZ$', '', '.', ' ', '100', 'NZD', 'Fiat', '0')
CREATE TABLE ATTACHMENT (ATTACHMENTID INTEGER NOT NULL PRIMARY KEY, REFTYPE TEXT NOT NULL /* Transaction, Stock, Asset, Bank Account, Repeating Transaction, Payee */, REFID INTEGER NOT NULL, DESCRIPTION TEXT COLLATE NOCASE, FILENAME TEXT NOT NULL COLLATE NOCASE)
INSERT INTO CURRENCYFORMATS VALUES ('85', '%s', 'L$', '', '.', ' ', '100', 'LRD', 'Fiat', '0')
INSERT INTO CURRENCYFORMATS VALUES ('268', '%s', '', '', '.', ',', '100', 'YUM', 'Fiat', '1')
INSERT INTO SUBCATEGORY VALUES ('33', '%s', '9')
INSERT INTO CATEGORY VALUES ('3', '%s')
CREATE TABLE ASSETCLASS_STOCK (ID INTEGER primary key, ASSETCLASSID INTEGER NOT NULL, STOCKSYMBOL TEXT UNIQUE)
INSERT INTO CURRENCYFORMATS VALUES ('179', '%s', '', '', '.', ',', '100', 'BUK', 'Fiat', '1')
INSERT INTO CURRENCYFORMATS VALUES ('127', '%s', 'R', '', '.', ' ', '100', 'ZAR', 'Fiat', '0')
INSERT INTO CURRENCYFORMATS VALUES ('269', '%s', '', '', '.', ',', '100', 'YUN', 'Fiat', '1')
INSERT INTO CURRENCYFORMATS VALUES ('51', '%s', '%s', '', '.', ' ', '100', 'FKP', 'Fiat', '0')
INSERT INTO SUBCATEGORY VALUES ('32', '%s', '9')
CREATE TABLE STOCKHISTORY(HISTID integer primary key, SYMBOL TEXT NOT NULL, DATE TEXT NOT NULL, VALUE numeric NOT NULL, UPDTYPE integer, UNIQUE(SYMBOL, DATE))
CREATE TABLE CURRENCYHISTORY(		CURRHISTID INTEGER PRIMARY KEY		, CURRENCYID INTEGER NOT NULL		, CURRDATE TEXT NOT NULL		, CURRVALUE NUMERIC NOT NULL		, CURRUPDTYPE INTEGER		, UNIQUE(CURRENCYID, CURRDATE)		)
INSERT INTO CURRENCYFORMATS VALUES ('246', '%s', '', '', '.', ',', '100', 'SRG', 'Fiat', '1')
INSERT INTO CURRENCYFORMATS VALUES ('234', '%s', '', '', '.', ',', '100', 'PEI', 'Fiat', '1')
INSERT INTO CURRENCYFORMATS VALUES ('74', '%s', '', '', '.', ' ', '1000', 'JOD', 'Fiat', '0')
INSERT INTO CURRENCYFORMATS VALUES ('243', '%s', '', '', '.', ',', '100', 'SDP', 'Fiat', '1')
CREATE TABLE BUDGETSPLITTRANSACTIONS(		SPLITTRANSID integer primary key		, TRANSID integer NOT NULL		, CATEGID integer		, SUBCATEGID integer		, SPLITTRANSAMOUNT numeric		)
INSERT INTO CURRENCYFORMATS VALUES ('34', '%s', '$', '', '.', ' ', '100', 'CAD', 'Fiat', '0')
INSERT INTO CATEGORY VALUES ('11', '%s')
SELECT HISTID, SYMBOL, DATE, VALUE, UPDTYPE FROM STOCKHISTORY 
INSERT INTO CURRENCYFORMATS VALUES ('244', '%s', '', '', '.', ',', '100', 'SIT', 'Fiat', '1')
CREATE TABLE IF NOT EXISTS BUDGETSPLITTRANSACTIONS_V1(		SPLITTRANSID integer primary key		, TRANSID integer NOT NULL		, CATEGID integer		, SUBCATEGID integer		, SPLITTRANSAMOUNT numeric		)
CREATE TABLE TRANSLINK (		TRANSLINKID integer NOT NULL primary key		, CHECKINGACCOUNTID integer NOT NULL		, LINKTYPE TEXT NOT NULL /* Asset, Stock */		, LINKRECORDID integer NOT NULL		)
INSERT INTO SUBCATEGORY VALUES ('26', '%s', '7')
INSERT INTO CURRENCYFORMATS VALUES ('112', '%s', '', '', '.', ' ', '1', 'PYG', 'Fiat', '0')
UPDATE CHECKINGACCOUNT SET ACCOUNTID = ?, TOACCOUNTID = ?, PAYEEID = ?, TRANSCODE = ?, TRANSAMOUNT = ?, STATUS = ?, TRANSACTIONNUMBER = ?, NOTES = ?, CATEGID = ?, SUBCATEGID = ?, TRANSDATE = ?, FOLLOWUPID = ?, TOTRANSAMOUNT = ?  WHERE TRANSID = ?
INSERT INTO CURRENCYFORMATS VALUES ('150', '%s', 'WS$', '', '.', ' ', '100', 'WST', 'Fiat', '0')
CREATE INDEX IDX_CHECKINGACCOUNT ON TRANSLINK (CHECKINGACCOUNTID);
INSERT INTO SUBCATEGORY VALUES ('9', '%s', '2')
CREATE INDEX IDX_CURRENCYFORMATS_SYMBOL ON CURRENCYFORMATS_V1(CURRENCY_SYMBOL);
INSERT INTO CURRENCYFORMATS VALUES ('4', '%s', '', '%s', ',', ' ', '100', 'RUB', 'Fiat', '0')
CREATE TABLE SPLITTRANSACTIONS(		SPLITTRANSID integer primary key		, TRANSID integer NOT NULL		, CATEGID integer		, SUBCATEGID integer		, SPLITTRANSAMOUNT numeric		)
INSERT INTO CURRENCYFORMATS VALUES ('94', '%s', 'UM', '', '.', ' ', '100', 'MRO', 'Fiat', '1')
INSERT INTO CURRENCYFORMATS VALUES ('100', '%s', 'K', '', '.', ' ', '100', 'MMK', 'Fiat', '0')
INSERT INTO CURRENCYFORMATS VALUES ('181', '%s', '', '', '.', ',', '100', 'BYN', 'Fiat', '0')
INSERT INTO CURRENCYFORMATS VALUES ('205', '%s', '', '', '.', ',', '100', 'GRD', 'Fiat', '1')
INSERT INTO CATEGORY VALUES ('5', '%s')
INSERT INTO CURRENCYFORMATS VALUES ('251', '%s', '', '', '.', ',', '100', 'TJR', 'Fiat', '1')
INSERT INTO CATEGORY VALUES ('1', '%s')
CREATE TABLE IF NOT EXISTS BUDGETTABLE_V1(		BUDGETENTRYID integer primary key		, BUDGETYEARID integer		, CATEGID integer		, SUBCATEGID integer		, PERIOD TEXT NOT NULL /* None, Weekly, Bi-Weekly, Monthly, Monthly, Bi-Monthly, Quarterly, Half-Yearly, Yearly, Daily*/		, AMOUNT numeric NOT NULL		)
INSERT INTO CURRENCYFORMATS VALUES ('58', '%s', 'Q', '', '.', ' ', '100', 'GTQ', 'Fiat', '0')
CREATE TABLE IF NOT EXISTS STOCK_V1(		STOCKID integer primary key		, HELDAT integer		, PURCHASEDATE TEXT NOT NULL		, STOCKNAME TEXT COLLATE NOCASE NOT NULL		, SYMBOL TEXT		, NUMSHARES numeric		, PURCHASEPRICE numeric NOT NULL		, NOTES TEXT		, CURRENTPRICE numeric NOT NULL		, VALUE numeric		, COMMISSION numeric		)
INSERT INTO CURRENCYFORMATS VALUES ('22', '%s', 'CFA', '', '.', ' ', '1', 'XOF', 'Fiat', '0')
INSERT INTO CURRENCYFORMATS VALUES ('186', '%s', '', '', '.', ',', '100', 'CUC', 'Fiat', '0')
CREATE TABLE CHECKINGACCOUNT(TRANSID integer primary key, ACCOUNTID integer NOT NULL, TOACCOUNTID integer, PAYEEID integer NOT NULL, TRANSCODE TEXT NOT NULL /* Withdrawal, Deposit, Transfer */, TRANSAMOUNT numeric NOT NULL, STATUS TEXT /* None, Reconciled, Void, Follow up, Duplicate */, TRANSACTIONNUMBER TEXT, NOTES TEXT, CATEGID integer, SUBCATEGID integer, TRANSDATE TEXT, FOLLOWUPID integer, TOTRANSAMOUNT numeric)
INSERT INTO CURRENCYFORMATS VALUES ('157', '%s', '', '', '.', ',', '100', 'AOK', 'Fiat', '1')
UPDATE CUSTOMFIELD SET REFTYPE = ?, DESCRIPTION = ?, TYPE = ?, PROPERTIES = ?  WHERE FIELDID = ?
INSERT INTO CURRENCYFORMATS VALUES ('69', '%s', '', '', '.', ' ', '100', 'IRR', 'Fiat', '0')
INSERT INTO CURRENCYFORMATS VALUES ('233', '%s', '', '', '.', ',', '100', 'PEH', 'Fiat', '1')
CREATE INDEX IDX_PAYEE_INFONAME ON PAYEE(PAYEENAME);
INSERT INTO SUBCATEGORY VALUES ('40', '%s', '13')
INSERT INTO CURRENCYFORMATS VALUES ('198', '%s', '', '', '.', ',', '100', 'FRF', 'Fiat', '1')
CREATE INDEX IDX_BUDGETYEAR_BUDGETYEARNAME ON BUDGETYEAR(BUDGETYEARNAME);
INSERT INTO CURRENCYFORMATS VALUES ('101', '%s', 'N$', '', '.', ' ', '100', 'NAD', 'Fiat', '0')
INSERT INTO CURRENCYFORMATS VALUES ('151', '%s', '', '', '.', ' ', '100', 'YER', 'Fiat', '0')
SELECT SPLITTRANSID, TRANSID, CATEGID, SUBCATEGID, SPLITTRANSAMOUNT FROM BUDGETSPLITTRANSACTIONS 
INSERT INTO SUBCATEGORY VALUES ('25', '%s', '7')
INSERT INTO CURRENCYFORMATS VALUES ('23', '%s', 'BD$', '', '.', ' ', '100', 'BMD', 'Fiat', '0')
INSERT INTO CURRENCYFORMATS VALUES ('148', '%s', 'VT', '', '.', ' ', '1', 'VUV', 'Fiat', '0')
INSERT INTO CURRENCYFORMATS VALUES ('275', '%s', '', '', '.', ',', '100', 'ZWC', 'Fiat', '1')
CREATE TABLE INFOTABLE(INFOID integer not null primary key, INFONAME TEXT COLLATE NOCASE NOT NULL UNIQUE, INFOVALUE TEXT NOT NULL)
SELECT INFOID, INFONAME, INFOVALUE FROM INFOTABLE 
UPDATE SUBCATEGORY SET SUBCATEGNAME = ?, CATEGID = ?  WHERE SUBCATEGID = ?
UPDATE STOCK SET HELDAT = ?, PURCHASEDATE = ?, STOCKNAME = ?, SYMBOL = ?, NUMSHARES = ?, PURCHASEPRICE = ?, NOTES = ?, CURRENTPRICE = ?, VALUE = ?, COMMISSION = ?  WHERE STOCKID = ?
INSERT INTO CURRENCYFORMATS VALUES ('264', '%s', '', '', '.', ',', '100', 'XEU', 'Fiat', '1')
INSERT INTO CURRENCYFORMATS VALUES ('239', '%s', '', '', '.', ',', '100', 'ROK', 'Fiat', '1')
INSERT INTO CURRENCYFORMATS VALUES ('10', '%s', 'EC$', '', '.', ' ', '100', 'XCD', 'Fiat', '0')
INSERT INTO CURRENCYFORMATS VALUES ('44', '%s', '%s', '', '.', ' ', '100', 'CZK', 'Fiat', '0')
INSERT INTO SUBCATEGORY VALUES ('41', '%s', '13')
CREATE INDEX IDX_BUDGETSPLITTRANSACTIONS_TRANSID ON BUDGETSPLITTRANSACTIONS(TRANSID);
INSERT INTO CURRENCYFORMATS VALUES ('41', '%s', 'F', '', '.', ' ', '100', 'CDF', 'Fiat', '0')
INSERT INTO SUBCATEGORY VALUES ('31', '%s', '8')
CREATE INDEX IDX_SUBCATEGORY_CATEGID ON SUBCATEGORY(CATEGID);
INSERT INTO CURRENCYFORMATS VALUES ('46', '%s', 'Fdj', '', '.', ' ', '1', 'DJF', 'Fiat', '0')
UPDATE CUSTOMFIELD_V1 SET REFTYPE = Bank  WHERE REFTYPE = BankAccount
INSERT INTO SUBCATEGORY VALUES ('10', '%s', '3')
INSERT INTO CURRENCYFORMATS VALUES ('216', '%s', '', '', '.', ',', '100', 'LTT', 'Fiat', '1')
select * from TRANSLINK where LINKTYPE = "Asset" AND LINKRECORDID = link_id;
INSERT INTO CURRENCYFORMATS VALUES ('277', '%s', '', '', '.', ',', '100', 'ZWL', 'Fiat', '0')
INSERT INTO CURRENCYFORMATS VALUES ('257', '%s', '', '', '.', ',', '100', 'UGS', 'Fiat', '1')
CREATE TABLE IF NOT EXISTS STOCKHISTORY_V1(		HISTID integer primary key		, SYMBOL TEXT NOT NULL		, DATE TEXT NOT NULL		, VALUE numeric NOT NULL		, UPDTYPE integer		, UNIQUE(SYMBOL, DATE)		)
CREATE INDEX IDX_ATTACHMENT_REF ON ATTACHMENT (REFTYPE, REFID);
INSERT INTO CURRENCYFORMATS VALUES ('221', '%s', '', '', '.', ',', '100', 'MGF', 'Fiat', '1')
SELECT BUDGETENTRYID, BUDGETYEARID, CATEGID, SUBCATEGID, PERIOD, AMOUNT FROM BUDGETTABLE 
CREATE TABLE SUBCATEGORY(		SUBCATEGID integer primary key		, SUBCATEGNAME TEXT COLLATE NOCASE NOT NULL		, CATEGID integer NOT NULL		, UNIQUE(CATEGID, SUBCATEGNAME)		)
INSERT INTO CURRENCYFORMATS VALUES ('31', '%s', 'FBu', '', '.', ' ', '1', 'BIF', 'Fiat', '0')
INSERT INTO CURRENCYFORMATS VALUES ('21', '%s', 'BZ$', '', '.', ' ', '100', 'BZD', 'Fiat', '0')
INSERT INTO CURRENCYFORMATS VALUES ('149', '%s', '%s', '', '.', ' ', '1', 'VND', 'Fiat', '0')
CREATE TABLE ASSETCLASS (		ID INTEGER primary key		, PARENTID INTEGER		, NAME TEXT COLLATE NOCASE NOT NULL		, ALLOCATION REAL		, SORTORDER INTEGER		)
SELECT ID, PARENTID, NAME, ALLOCATION, SORTORDER FROM ASSETCLASS 
INSERT INTO CURRENCYFORMATS VALUES ('218', '%s', '', '', '.', ',', '100', 'LUF', 'Fiat', '1')
INSERT INTO SUBCATEGORY VALUES ('37', '%s', '10')
INSERT INTO CURRENCYFORMATS VALUES ('137', '%s', '', '', '.', ' ', '100', 'TJS', 'Fiat', '0')
CREATE TABLE ASSETS(ASSETID integer primary key, STARTDATE TEXT NOT NULL, ASSETNAME TEXT COLLATE NOCASE NOT NULL, VALUE numeric, VALUECHANGE TEXT /* None, Appreciates, Depreciates */, NOTES TEXT, VALUECHANGERATE numeric, ASSETTYPE TEXT /* Property, Automobile, Household Object, Art, Jewellery, Cash, Other */)
INSERT INTO CURRENCYFORMATS VALUES ('191', '%s', '', '', '.', ',', '100', 'ECS', 'Fiat', '1')
INSERT INTO SUBCATEGORY VALUES ('6', '%s', '1')
UPDATE CUSTOMFIELD_V1 SET REFTYPE = Recurring  WHERE REFTYPE = RecurringTransaction
UPDATE ATTACHMENT SET REFTYPE = ?, REFID = ?, DESCRIPTION = ?, FILENAME = ?  WHERE ATTACHMENTID = ?
SELECT CURRENCYID, CURRENCYNAME, PFX_SYMBOL, SFX_SYMBOL, DECIMAL_POINT, GROUP_SEPARATOR, SCALE, CURRENCY_SYMBOL, CURRENCY_TYPE, HISTORIC FROM CURRENCYFORMATS 
INSERT INTO CURRENCYFORMATS VALUES ('40', '%s', '', '', '.', ' ', '1', 'KMF', 'Fiat', '0')
UPDATE ASSETCLASS_STOCK SET ASSETCLASSID = ?, STOCKSYMBOL = ?  WHERE ID = ?
INSERT INTO CURRENCYFORMATS VALUES ('156', '%s', '', '', '.', ',', '100', 'ALK', 'Fiat', '1')
CREATE TABLE IF NOT EXISTS ASSETCLASS_V1 (		 'ID' INTEGER primary key,		 'PARENTID' INTEGER,		 'NAME' TEXT COLLATE NOCASE NOT NULL,		 'ALLOCATION' REAL,		 'SORTORDER' INTEGER		)
INSERT INTO CURRENCYFORMATS VALUES ('220', '%s', '', '', '.', ',', '100', 'LVR', 'Fiat', '1')
INSERT INTO CURRENCYFORMATS VALUES ('115', '%s', '', '%s', ',', '.', '100', 'PLN', 'Fiat', '0')
INSERT INTO CURRENCYFORMATS VALUES ('18', '%s', '', '', '.', ' ', '100', 'BDT', 'Fiat', '0')
INSERT INTO CURRENCYFORMATS VALUES ('238', '%s', '', '', '.', ',', '100', 'RHD', 'Fiat', '1')
INSERT INTO CURRENCYFORMATS VALUES ('190', '%s', '', '', '.', ',', '100', 'DEM', 'Fiat', '1')
SELECT %s FROM %s 
CREATE INDEX IDX_ACCOUNTLIST_ACCOUNTTYPE ON ACCOUNTLIST(ACCOUNTTYPE);
CREATE INDEX IDX_CURRENCYHISTORY_CURRENCYID_CURRDATE ON CURRENCYHISTORY_V1(CURRENCYID, CURRDATE);
INSERT INTO CURRENCYFORMATS VALUES ('188', '%s', '', '', '.', ',', '100', 'CYP', 'Fiat', '1')
UPDATE BUDGETSPLITTRANSACTIONS SET TRANSID = ?, CATEGID = ?, SUBCATEGID = ?, SPLITTRANSAMOUNT = ?  WHERE SPLITTRANSID = ?
CREATE TABLE TRANSLINK (TRANSLINKID integer NOT NULL primary key, CHECKINGACCOUNTID integer NOT NULL, LINKTYPE TEXT NOT NULL /* Asset, Stock */, LINKRECORDID integer NOT NULL)
INSERT INTO CURRENCYFORMATS VALUES ('63', '%s', 'HK$', '', '.', ' ', '100', 'HKD', 'Fiat', '0')
INSERT INTO SUBCATEGORY VALUES ('12', '%s', '3')
INSERT INTO CURRENCYFORMATS VALUES ('117', '%s', 'L', '', '.', ' ', '100', 'RON', 'Fiat', '0')
CREATE INDEX IDX_CURRENCYFORMATS_SYMBOL ON CURRENCYFORMATS(CURRENCY_SYMBOL);
CREATE INDEX IDX_CUSTOMFIELD_REF ON CUSTOMFIELD (REFTYPE);
SELECT STOCKID, HELDAT, PURCHASEDATE, STOCKNAME, SYMBOL, NUMSHARES, PURCHASEPRICE, NOTES, CURRENTPRICE, VALUE, COMMISSION FROM STOCK 
INSERT INTO CURRENCYFORMATS VALUES ('197', '%s', '', '', '.', ',', '100', 'FIM', 'Fiat', '1')
CREATE TABLE IF NOT EXISTS ASSETCLASS_V1 (		ID INTEGER primary key		, PARENTID INTEGER		, NAME TEXT COLLATE NOCASE NOT NULL		, ALLOCATION REAL		, SORTORDER INTEGER		)
SELECT ASSETID, STARTDATE, ASSETNAME, VALUE, VALUECHANGE, NOTES, VALUECHANGERATE, ASSETTYPE FROM ASSETS 
INSERT INTO CURRENCYFORMATS VALUES ('142', '%s', '%s', '', '.', ' ', '100', 'TRY', 'Fiat', '0')
SELECT type, name FROM sqlite_master WHERE type = 'table' or type = 'view' ORDER BY type, name
INSERT INTO CURRENCYFORMATS VALUES ('147', '%s', '', '', '.', ' ', '100', 'UZS', 'Fiat', '0')
INSERT INTO CURRENCYFORMATS VALUES ('43', '%s', 'kn', '', '.', ' ', '100', 'HRK', 'Fiat', '0')
INSERT INTO SUBCATEGORY VALUES ('18', '%s', '5')
CREATE INDEX IDX_STOCK_HELDAT ON STOCK(HELDAT);
INSERT INTO CURRENCYFORMATS VALUES ('118', '%s', 'RF', '', '.', ' ', '1', 'RWF', 'Fiat', '0')
INSERT INTO SUBCATEGORY VALUES ('24', '%s', '7')
INSERT INTO CURRENCYFORMATS VALUES ('7', '%s', '', 'L', '.', ' ', '100', 'ALL', 'Fiat', '0')
INSERT INTO CURRENCYFORMATS VALUES ('273', '%s', '', '', '.', ',', '100', 'ZRN', 'Fiat', '1')
SELECT ATTACHMENTID, REFTYPE, REFID, DESCRIPTION, FILENAME FROM ATTACHMENT 
INSERT INTO CURRENCYFORMATS VALUES ('146', '%s', '$U', '', '.', ' ', '100', 'UYU', 'Fiat', '0')
INSERT INTO CURRENCYFORMATS VALUES ('145', '%s', '', '', '.', ' ', '100', 'AED', 'Fiat', '0')
INSERT INTO CURRENCYFORMATS VALUES ('87', '%s', 'Lt', '', '.', ' ', '100', 'LTL', 'Fiat', '1')
INSERT INTO CURRENCYFORMATS VALUES ('49', '%s', 'Nfa', '', '.', ' ', '100', 'ERN', 'Fiat', '0')
INSERT INTO CURRENCYFORMATS VALUES ('161', '%s', '', '', '.', ',', '100', 'ARP', 'Fiat', '1')
INSERT INTO CURRENCYFORMATS VALUES ('267', '%s', '', '', '.', ',', '100', 'YUD', 'Fiat', '1')
INSERT INTO CURRENCYFORMATS VALUES ('201', '%s', '', '', '.', ',', '100', 'GHP', 'Fiat', '1')
INSERT INTO CURRENCYFORMATS VALUES ('50', '%s', 'Br', '', '.', ' ', '100', 'ETB', 'Fiat', '0')
INSERT INTO INFOTABLE VALUES ('1', 'DATAVERSION', '3')
CREATE TABLE IF NOT EXISTS ATTACHMENT_V1 (		ATTACHMENTID INTEGER NOT NULL PRIMARY KEY		, REFTYPE TEXT NOT NULL /* Transaction, Stock, Asset, BankAccount, RepeatingTransaction, Payee */		, REFID INTEGER NOT NULL		, DESCRIPTION TEXT COLLATE NOCASE		, FILENAME TEXT NOT NULL COLLATE NOCASE		)
INSERT INTO CURRENCYFORMATS VALUES ('140', '%s', 'TT$', '', '.', ' ', '100', 'TTD', 'Fiat', '0')
INSERT INTO CURRENCYFORMATS VALUES ('81', '%s', 'KN', '', '.', ' ', '100', 'LAK', 'Fiat', '0')
INSERT INTO CURRENCYFORMATS VALUES ('133', '%s', 'kr', '', '.', ' ', '100', 'SEK', 'Fiat', '0')
INSERT INTO CURRENCYFORMATS VALUES ('56', '%s', '', '', '.', ' ', '100', 'GHS', 'Fiat', '0')
INSERT INTO SUBCATEGORY VALUES ('3', '%s', '1')
UPDATE BILLSDEPOSITS_V1 SET TRANSDATE = NEXTOCCURRENCEDATE  WHERE INFONAME = DATAVERSION
INSERT INTO SUBCATEGORY VALUES ('4', '%s', '1')
CREATE TABLE BUDGETTABLE(		BUDGETENTRYID integer primar)
UPDATE CURRENCYFORMATS_V1_NEW SET HISTORIC = 1WHERE WHERE CURRENCY_SYMBOL IN ( BYR, LVL, LTL, MRO, STD, ADP, AFA, ALK, AOK, AON, AOR, ARA, ARP, ARY, ATS, AYM, AZM, BAD, BEC, BEF, BEL, BGJ, BGK, BGL, BOP, BRB, BRC, BRE, BRN, BRR, BUK, BYB, CHC, CSD, CSJ, CSK, CYP, DDM, DEM, ECS, ECV, EEK, ESA, ESB, ESP, FIM, FRF, GEK, GHC, GHP, GNE, GNS, GQE, GRD, GWE, GWP, HRD, IEP, ILP, ILR, ISJ, ITL, LAJ, LSM, LTT, LUC, LUF, LUL, LVR, MGF, MLF, MTL, MTP, MVQ, MXP, MZE, MZM, NIC, NLG, PEH, PEI, PES, PLZ, PTE, RHD, ROK, ROL, RUR, SDD, SDP, SIT, SKK, SRG, SUR, TJR, TMM, TPE, TRL, UAK, UGS, UGW, USS, UYN, UYP, VEB, VNC, XEU, XFO, YDD, YUD, YUM, YUN, ZAL, ZMK, ZRN, ZRZ, ZWC, ZWD, ZWN, ZWR)
INSERT INTO CURRENCYFORMATS VALUES ('261', '%s', '', '', '.', ',', '100', 'UYP', 'Fiat', '1')
INSERT INTO CURRENCYFORMATS VALUES ('42', '%s', '%s', '', '.', ' ', '100', 'CRC', 'Fiat', '0')
INSERT INTO CURRENCYFORMATS VALUES ('208', '%s', '', '', '.', ',', '100', 'HRD', 'Fiat', '1')
INSERT INTO SUBCATEGORY VALUES ('34', '%s', '9')
INSERT INTO CURRENCYFORMATS VALUES ('214', '%s', '', '', '.', ',', '100', 'LAJ', 'Fiat', '1')
INSERT INTO CATEGORY VALUES ('13', '%s')
INSERT INTO CURRENCYFORMATS VALUES ('250', '%s', '', '', '.', ',', '100', 'SVC', 'Fiat', '0')
INSERT INTO CURRENCYFORMATS VALUES ('274', '%s', '', '', '.', ',', '100', 'ZRZ', 'Fiat', '1')
select * from TRANSLINK where LINKTYPE = "Stock" AND LINKRECORDID = link_id;
INSERT INTO CURRENCYFORMATS VALUES ('102', '%s', 'NRs', '', '.', ' ', '100', 'NPR', 'Fiat', '0')
SELECT FIELDATADID, FIELDID, REFID, CONTENT FROM CUSTOMFIELDDATA 
INSERT INTO CURRENCYFORMATS VALUES ('75', '%s', 'T', '', '.', ' ', '100', 'KZT', 'Fiat', '0')
CREATE TABLE CURRENCYFORMATS(CURRENCYID integer primary key, CURRENCYNAME TEXT COLLATE NOCASE NOT NULL, PFX_SYMBOL TEXT, SFX_SYMBOL TEXT, DECIMAL_POINT TEXT, GROUP_SEPARATOR TEXT, SCALE integer, CURRENCY_SYMBOL TEXT COLLATE NOCASE NOT NULL UNIQUE, CURRENCY_TYPE TEXT /* Fiat, Crypto */, HISTORIC integer DEFAULT 0 /* 1 if no longer official */)
INSERT INTO CURRENCYFORMATS VALUES ('17', '%s', '', '', '.', ' ', '1000', 'BHD', 'Fiat', '0')
INSERT INTO CURRENCYFORMATS VALUES ('62', '%s', 'L', '', '.', ' ', '100', 'HNL', 'Fiat', '0')
INSERT INTO SUBCATEGORY VALUES ('21', '%s', '6')
INSERT INTO CURRENCYFORMATS VALUES ('91', '%s', 'MK', '', '.', ' ', '100', 'MWK', 'Fiat', '0')
INSERT INTO CURRENCYFORMATS VALUES ('134', '%s', 'Fr.', '', '.', ' ', '100', 'CHF', 'Fiat', '0')
INSERT INTO CURRENCYFORMATS VALUES ('247', '%s', '', '', '.', ',', '100', 'SSP', 'Fiat', '0')
INSERT INTO CURRENCYFORMATS VALUES ('93', '%s', 'Rf', '', '.', ' ', '100', 'MVR', 'Fiat', '0')
INSERT INTO CURRENCYFORMATS VALUES ('125', '%s', 'SI$', '', '.', ' ', '100', 'SBD', 'Fiat', '0')
UPDATE ASSETS SET STARTDATE = ?, ASSETNAME = ?, VALUE = ?, VALUECHANGE = ?, NOTES = ?, VALUECHANGERATE = ?, ASSETTYPE = ?  WHERE ASSETID = ?
SELECT SHAREINFOID, CHECKINGACCOUNTID, SHARENUMBER, SHAREPRICE, SHARECOMMISSION, SHARELOT FROM SHAREINFO 
INSERT INTO CURRENCYFORMATS VALUES ('271', '%s', '', '', '.', ',', '100', 'ZMK', 'Fiat', '1')
INSERT INTO CURRENCYFORMATS VALUES ('60', '%s', 'GY$', '', '.', ' ', '100', 'GYD', 'Fiat', '0')
CREATE TABLE ATTACHMENT (		ATTACHMENTID INTEGER NOT NULL PRIMARY KEY		, REFTYPE TEXT NOT NULL /* Transaction, Stock, Asset, BankAccount, RepeatingTransaction, Payee */		, REFID INTEGER NOT NULL		, DESCRIPTION TEXT COLLATE NOCASE		, FILENAME TEXT NOT NULL COLLATE NOCASE		)
INSERT INTO CURRENCYFORMATS VALUES ('228', '%s', '', '', '.', ',', '100', 'MZE', 'Fiat', '1')
INSERT INTO CURRENCYFORMATS VALUES ('184', '%s', '', '', '.', ',', '100', 'CSJ', 'Fiat', '1')
INSERT INTO CURRENCYFORMATS VALUES ('72', '%s', 'J$', '', '.', ' ', '100', 'JMD', 'Fiat', '0')
INSERT INTO CURRENCYFORMATS VALUES ('68', '%s', 'SDR', '', '.', ' ', '100', 'XDR', 'Fiat', '0')
INSERT INTO CURRENCYFORMATS VALUES ('99', '%s', '', '', '.', ' ', '100', 'MAD', 'Fiat', '0')
INSERT INTO CURRENCYFORMATS VALUES ('65', '%s', 'kr', '', '.', ' ', '1', 'ISK', 'Fiat', '0')
CREATE INDEX IDX_SPLITTRANSACTIONS_TRANSID ON SPLITTRANSACTIONS(TRANSID);
INSERT INTO CURRENCYFORMATS VALUES ('64', '%s', 'Ft', '', '.', ' ', '100', 'HUF', 'Fiat', '0')
SELECT INFOVALUE FROM INFOTABLE_V1 WHERE INFONAME = 'DATAVERSION')=2;
CREATE TABLE ACCOUNTLIST(		ACCOUNTID integer primary key		, ACCOUNTNAME TEXT COLLATE NOCASE NOT NULL UNIQUE		, ACCOUNTTYPE TEXT NOT NULL /* Checking, Term, Investment, Credit Card */		, ACCOUNTNUM TEXT		, STATUS TEXT NOT NULL /* Open, Closed */		, NOTES TEXT		, HELDAT TEXT		, WEBSITE TEXT		, CONTACTINFO TEXT		, ACCESSINFO TEXT		, INITIALBAL numeric		, FAVORITEACCT TEXT NOT NULL		, CURRENCYID integer NOT NULL		, STATEMENTLOCKED integer		, STATEMENTDATE TEXT		, MINIMUMBALANCE numeric		, CREDITLIMIT numeric		, INTERESTRATE numeric		, PAYMENTDUEDATE text		, MINIMUMPAYMENT numeric		)
CREATE TABLE ASSETCLASS (ID INTEGER primary key, PARENTID INTEGER, NAME TEXT COLLATE NOCASE NOT NULL, ALLOCATION REAL, SORTORDER INTEGER)
INSERT INTO CURRENCYFORMATS VALUES ('32', '%s', '', '', '.', ' ', '100', 'KHR', 'Fiat', '0')
INSERT INTO CURRENCYFORMATS VALUES ('92', '%s', 'RM', '', '.', ' ', '100', 'MYR', 'Fiat', '0')
INSERT INTO CURRENCYFORMATS VALUES ('15', '%s', '', '', '.', ' ', '100', 'AZN', 'Fiat', '0')
select * from Model_Shareinfo where CHECKINGACCOUNTID = checking_account_id;
CREATE TABLE IF NOT EXISTS BUDGETYEAR_V1(		BUDGETYEARID integer primary key		, BUDGETYEARNAME TEXT NOT NULL UNIQUE		)
INSERT INTO CURRENCYFORMATS VALUES ('37', '%s', '$', '', '.', ' ', '1', 'CLP', 'Fiat', '0')
INSERT INTO CURRENCYFORMATS VALUES ('25', '%s', 'Bs.', '', '.', ' ', '100', 'BOB', 'Fiat', '0')
CREATE TABLE IF NOT EXISTS ASSETS_V1(		ASSETID integer primary key		, STARTDATE TEXT NOT NULL		, ASSETNAME TEXT COLLATE NOCASE NOT NULL		, VALUE numeric		, VALUECHANGE TEXT /* None, Appreciates, Depreciates */		, NOTES TEXT		, VALUECHANGERATE numeric		, ASSETTYPE TEXT /* Property, Automobile, Household Object, Art, Jewellery, Cash, Other */		)
INSERT INTO CURRENCYFORMATS VALUES ('199', '%s', '', '', '.', ',', '100', 'GEK', 'Fiat', '1')
UPDATE REPORT SET REPORTNAME = ?, GROUPNAME = ?, SQLCONTENT = ?, LUACONTENT = ?, TEMPLATECONTENT = ?, DESCRIPTION = ?  WHERE REPORTID = ?
INSERT INTO CURRENCYFORMATS VALUES ('169', '%s', '', '', '.', ',', '100', 'BEL', 'Fiat', '1')
INSERT INTO CURRENCYFORMATS VALUES ('136', '%s', 'NT$', '', '.', ' ', '100', 'TWD', 'Fiat', '0')
INSERT INTO CURRENCYFORMATS VALUES ('168', '%s', '', '', '.', ',', '100', 'BEF', 'Fiat', '1')
UPDATE USAGE_V1 SET USAGEDATE = ?, JSONCONTENT = ?  WHERE USAGEID = ?
INSERT INTO CURRENCYFORMATS VALUES ('177', '%s', '', '', '.', ',', '100', 'BRN', 'Fiat', '1')
INSERT INTO SUBCATEGORY VALUES ('11', '%s', '3')
select * from TRANSLINK where CHECKINGACCOUNTID = checking_id;
INSERT INTO SUBCATEGORY VALUES ('13', '%s', '4')
INSERT INTO CURRENCYFORMATS VALUES ('55', '%s', '', '', '.', ' ', '100', 'GEL', 'Fiat', '0')
INSERT INTO CURRENCYFORMATS VALUES ('9', '%s', '', 'Kz', '.', ' ', '100', 'AOA', 'Fiat', '0')
INSERT INTO CURRENCYFORMATS VALUES ('158', '%s', '', '', '.', ',', '100', 'AON', 'Fiat', '1')
INSERT INTO CURRENCYFORMATS VALUES ('123', '%s', 'Le', '', '.', ' ', '100', 'SLL', 'Fiat', '0')
INSERT INTO CURRENCYFORMATS VALUES ('165', '%s', '', '', '.', ',', '100', 'AZM', 'Fiat', '1')
INSERT INTO CURRENCYFORMATS VALUES ('122', '%s', 'SR', '', '.', ' ', '100', 'SCR', 'Fiat', '0')
INSERT INTO CURRENCYFORMATS VALUES ('16', '%s', 'B$', '', '.', ' ', '100', 'BSD', 'Fiat', '0')
INSERT INTO CURRENCYFORMATS VALUES ('262', '%s', '', '', '.', ',', '100', 'VEB', 'Fiat', '1')
CREATE TABLE BILLSDEPOSITS(BDID integer primary key, ACCOUNTID integer NOT NULL, TOACCOUNTID integer, PAYEEID integer NOT NULL, TRANSCODE TEXT NOT NULL /* Withdrawal, Deposit, Transfer */, TRANSAMOUNT numeric NOT NULL, STATUS TEXT /* None, Reconciled, Void, Follow up, Duplicate */, TRANSACTIONNUMBER TEXT, NOTES TEXT, CATEGID integer, SUBCATEGID integer, TRANSDATE TEXT, FOLLOWUPID integer, TOTRANSAMOUNT numeric, REPEATS integer, NEXTOCCURRENCEDATE TEXT, NUMOCCURRENCES integer)
INSERT INTO CURRENCYFORMATS VALUES ('172', '%s', '', '', '.', ',', '100', 'BGL', 'Fiat', '1')
INSERT INTO CURRENCYFORMATS VALUES ('86', '%s', 'LD', '', '.', ' ', '1000', 'LYD', 'Fiat', '0')
CREATE INDEX IDX_INFOTABLE_INFONAME ON INFOTABLE(INFONAME);
INSERT INTO CURRENCYFORMATS VALUES ('132', '%s', 'E', '', '.', ' ', '100', 'SZL', 'Fiat', '0')
create table IF NOT EXISTS REPORT_V1(		REPORTID integer not null primary key		, REPORTNAME TEXT COLLATE NOCASE NOT NULL UNIQUE		, GROUPNAME TEXT COLLATE NOCASE		, SQLCONTENT TEXT		, LUACONTENT TEXT		, TEMPLATECONTENT TEXT		, DESCRIPTION TEXT		)
CREATE TABLE IF NOT EXISTS CUSTOMFIELD_V1 (		FIELDID INTEGER NOT NULL PRIMARY KEY		, REFTYPE TEXT NOT NULL /* Transaction, Stock, Asset, BankAccount, RepeatingTransaction, Payee */		, DESCRIPTION TEXT COLLATE NOCASE		, TYPE TEXT NOT NULL /* String, Integer, Decimal, Boolean, Date, Time, SingleChoice, MultiChoice */		, PROPERTIES TEXT NOT NULL		)
INSERT INTO CURRENCYFORMATS VALUES ('180', '%s', '', '', '.', ',', '100', 'BYB', 'Fiat', '1')
CREATE TABLE CUSTOMFIELDDATA (FIELDATADID INTEGER NOT NULL PRIMARY KEY, FIELDID INTEGER NOT NULL, REFID INTEGER NOT NULL, CONTENT TEXT, UNIQUE(FIELDID, REFID))
INSERT INTO CURRENCYFORMATS VALUES ('20', '%s', 'Br', '', ',', ' ', '1', 'BYR', 'Fiat', '1')
INSERT INTO CURRENCYFORMATS VALUES ('26', '%s', 'KM', '', ',', '.', '100', 'BAM', 'Fiat', '0')
INSERT INTO CURRENCYFORMATS VALUES ('76', '%s', 'KSh', '', '.', ' ', '100', 'KES', 'Fiat', '0')
CREATE TABLE BUDGETTABLE(BUDGETENTRYID integer primary key, BUDGETYEARID integer, CATEGID integer, SUBCATEGID integer, PERIOD TEXT NOT NULL /* None, Weekly, Bi-Weekly, Monthly, Monthly, Bi-Monthly, Quarterly, Half-Yearly, Yearly, Daily*/, AMOUNT numeric NOT NULL)
INSERT INTO CURRENCYFORMATS VALUES ('263', '%s', '', '', '.', ',', '100', 'VNC', 'Fiat', '1')
INSERT INTO CURRENCYFORMATS VALUES ('144', '%s', 'USh', '', '.', ' ', '1', 'UGX', 'Fiat', '0')
INSERT INTO CURRENCYFORMATS VALUES ('215', '%s', '', '', '.', ',', '100', 'LSM', 'Fiat', '1')
INSERT INTO CURRENCYFORMATS VALUES ('71', '%s', '%s', '', '.', ' ', '100', 'ILS', 'Fiat', '0')
INSERT INTO CURRENCYFORMATS VALUES ('95', '%s', 'Rs', '', '.', ' ', '100', 'MUR', 'Fiat', '0')
CREATE INDEX IDX_CHECKINGACCOUNT_TRANSDATE ON CHECKINGACCOUNT (TRANSDATE);
INSERT INTO CURRENCYFORMATS VALUES ('98', '%s', '%s', '', '.', ' ', '100', 'MNT', 'Fiat', '0')
INSERT INTO CURRENCYFORMATS VALUES ('28', '%s', 'R$', '', '.', ' ', '100', 'BRL', 'Fiat', '0')
INSERT INTO CURRENCYFORMATS VALUES ('82', '%s', 'Ls', '', '.', ' ', '100', 'LVL', 'Fiat', '1')
CREATE TABLE IF NOT EXISTS BILLSDEPOSITS_V1(		BDID integer primary key		, ACCOUNTID integer NOT NULL		, TOACCOUNTID integer		, PAYEEID integer NOT NULL		, TRANSCODE TEXT NOT NULL /* Withdrawal, Deposit, Transfer */		, TRANSAMOUNT numeric NOT NULL		, STATUS TEXT /* None, Reconciled, Void, Follow up, Duplicate */		, TRANSACTIONNUMBER TEXT		, NOTES TEXT		, CATEGID integer		, SUBCATEGID integer		, TRANSDATE TEXT		, FOLLOWUPID integer		, TOTRANSAMOUNT numeric		, REPEATS integer		, NEXTOCCURRENCEDATE TEXT		, NUMOCCURRENCES integer		)
INSERT INTO CURRENCYFORMATS VALUES ('70', '%s', '', '', '.', ' ', '1000', 'IQD', 'Fiat', '0')
INSERT INTO CURRENCYFORMATS VALUES ('48', '%s', '%s', '', '.', ' ', '100', 'EGP', 'Fiat', '0')
INSERT INTO CURRENCYFORMATS VALUES ('120', '%s', 'SR', '', '.', ' ', '100', 'SAR', 'Fiat', '0')
INSERT INTO CURRENCYFORMATS VALUES ('171', '%s', '', '', '.', ',', '100', 'BGK', 'Fiat', '1')
INSERT INTO CURRENCYFORMATS VALUES ('231', '%s', '', '', '.', ',', '100', 'NIC', 'Fiat', '1')
INSERT INTO CURRENCYFORMATS VALUES ('276', '%s', '', '', '.', ',', '100', 'ZWD', 'Fiat', '1')
INSERT INTO CURRENCYFORMATS VALUES ('67', '%s', 'Rp', '', '.', ' ', '100', 'IDR', 'Fiat', '0')
CREATE INDEX IDX_BUDGETTABLE_BUDGETYEARID ON BUDGETTABLE(BUDGETYEARID);
CREATE TABLE IF NOT EXISTS CURRENCYFORMATS_V1(		CURRENCYID integer primary key		, CURRENCYNAME TEXT COLLATE NOCASE NOT NULL		, PFX_SYMBOL TEXT		, SFX_SYMBOL TEXT		, DECIMAL_POINT TEXT		, GROUP_SEPARATOR TEXT		, SCALE integer		, BASECONVRATE numeric		, CURRENCY_SYMBOL TEXT COLLATE NOCASE NOT NULL UNIQUE		, CURRENCY_TYPE TEXT /* Traditional, Crypto */		, HISTORIC integer DEFAULT 0 /* 1 if no longer official */		)
INSERT INTO CURRENCYFORMATS VALUES ('84', '%s', 'M', '', '.', ' ', '100', 'LSL', 'Fiat', '0')
INSERT INTO CURRENCYFORMATS VALUES ('163', '%s', '', '', '.', ',', '100', 'ATS', 'Fiat', '1')
INSERT INTO CURRENCYFORMATS VALUES ('209', '%s', '', '', '.', ',', '100', 'IEP', 'Fiat', '1')
CREATE TABLE USAGE_V1 (USAGEID INTEGER NOT NULL PRIMARY KEY, USAGEDATE TEXT NOT NULL, JSONCONTENT TEXT NOT NULL)
INSERT INTO CURRENCYFORMATS VALUES ('253', '%s', '', '', '.', ',', '100', 'TOP', 'Fiat', '0')
INSERT INTO CURRENCYFORMATS VALUES ('57', '%s', '%s', '', '.', ' ', '100', 'GIP', 'Fiat', '0')
INSERT INTO CURRENCYFORMATS VALUES ('182', '%s', '', '', '.', ',', '100', 'CHC', 'Fiat', '1')
INSERT INTO CURRENCYFORMATS VALUES ('183', '%s', '', '', '.', ',', '100', 'CSD', 'Fiat', '1')
CREATE TABLE IF NOT EXISTS CHECKINGACCOUNT_V1(		TRANSID integer primary key		, ACCOUNTID integer NOT NULL		, TOACCOUNTID integer		, PAYEEID integer NOT NULL		, TRANSCODE TEXT NOT NULL /* Withdrawal, Deposit, Transfer */		, TRANSAMOUNT numeric NOT NULL		, STATUS TEXT /* None, Reconciled, Void, Follow up, Duplicate */		, TRANSACTIONNUMBER TEXT		, NOTES TEXT		, CATEGID integer		, SUBCATEGID integer		, TRANSDATE TEXT		, FOLLOWUPID integer		, TOTRANSAMOUNT numeric		)
INSERT INTO SUBCATEGORY VALUES ('23', '%s', '7')
CREATE TABLE IF NOT EXISTS CUSTOMFIELDDATA_V1 (		FIELDATADID INTEGER NOT NULL PRIMARY KEY		, FIELDID INTEGER NOT NULL		, REFID INTEGER NOT NULL		, CONTENT TEXT		, UNIQUE(FIELDID, REFID)		)
INSERT INTO CURRENCYFORMATS VALUES ('152', '%s', 'Bs.', '', '.', ',', '100', 'VEF', 'Fiat', '0')
CREATE INDEX IDX_CATEGORY_CATEGNAME ON CATEGORY(CATEGNAME);
INSERT INTO CURRENCYFORMATS VALUES ('36', '%s', 'KY$', '', '.', ' ', '100', 'KYD', 'Fiat', '0')
INSERT INTO CURRENCYFORMATS VALUES ('130', '%s', '', '', '.', ' ', '100', 'SDG', 'Fiat', '0')
INSERT INTO SUBCATEGORY VALUES ('28', '%s', '8')
CREATE INDEX INDEX_REPORT_NAME ON REPORT(REPORTNAME);
CREATE TABLE STOCKHISTORY(		HISTID integer primary key		, SYMBOL TEXT NOT NULL		, DATE TEXT NOT NULL		, VALUE numeric NOT NULL		, UPDTYPE integer		, UNIQUE(SYMBOL, DATE)		)
INSERT INTO CURRENCYFORMATS VALUES ('166', '%s', '', '', '.', ',', '100', 'BAD', 'Fiat', '1')
CREATE TABLE BUDGETSPLITTRANSACTIONS(SPLITTRANSID integer primary key, TRANSID integer NOT NULL, CATEGID integer, SUBCATEGID integer, SPLITTRANSAMOUNT numeric)
SELECT STARTDATE, ASSETNAME, ASSETTYPE, VALUE, NOTES, VALUECHANGE, VALUECHANGERATE FROM ASSETS;)";
INSERT INTO CURRENCYFORMATS VALUES ('154', '%s', '', '', '.', ',', '100', 'ADP', 'Fiat', '1')
CREATE TABLE IF NOT EXISTS ACCOUNTLIST_V1(		ACCOUNTID integer primary key		, ACCOUNTNAME TEXT COLLATE NOCASE NOT NULL UNIQUE		, ACCOUNTTYPE TEXT NOT NULL /* Checking, Term, Investment, Credit Card */		, ACCOUNTNUM TEXT		, STATUS TEXT NOT NULL /* Open, Closed */		, NOTES TEXT		, HELDAT TEXT		, WEBSITE TEXT		, CONTACTINFO TEXT		, ACCESSINFO TEXT		, INITIALBAL numeric		, FAVORITEACCT TEXT NOT NULL		, CURRENCYID integer NOT NULL		, STATEMENTLOCKED integer		, STATEMENTDATE TEXT		, MINIMUMBALANCE numeric		, CREDITLIMIT numeric		, INTERESTRATE numeric		, PAYMENTDUEDATE text		, MINIMUMPAYMENT numeric		)
INSERT INTO CURRENCYFORMATS VALUES ('222', '%s', '', '', '.', ',', '100', 'MLF', 'Fiat', '1')
SELECT ID, ASSETCLASSID, STOCKSYMBOL FROM ASSETCLASS_STOCK 
INSERT INTO CURRENCYFORMATS VALUES ('11', '%s', 'AR$', '', ',', '.', '100', 'ARS', 'Fiat', '0')
INSERT INTO CURRENCYFORMATS VALUES ('135', '%s', '', '', '.', ' ', '100', 'SYP', 'Fiat', '0')
UPDATE PAYEE SET PAYEENAME = ?, CATEGID = ?, SUBCATEGID = ?  WHERE PAYEEID = ?
INSERT INTO CURRENCYFORMATS VALUES ('111', '%s', 'K', '', '.', ' ', '100', 'PGK', 'Fiat', '0')
INSERT INTO CURRENCYFORMATS VALUES ('265', '%s', '', '', '.', ',', '100', 'XFO', 'Fiat', '1')
UPDATE ACCOUNTLIST SET ACCOUNTNAME = ?, ACCOUNTTYPE = ?, ACCOUNTNUM = ?, STATUS = ?, NOTES = ?, HELDAT = ?, WEBSITE = ?, CONTACTINFO = ?, ACCESSINFO = ?, INITIALBAL = ?, FAVORITEACCT = ?, CURRENCYID = ?, STATEMENTLOCKED = ?, STATEMENTDATE = ?, MINIMUMBALANCE = ?, CREDITLIMIT = ?, INTERESTRATE = ?, PAYMENTDUEDATE = ?, MINIMUMPAYMENT = ?  WHERE ACCOUNTID = ?
INSERT INTO CURRENCYFORMATS VALUES ('39', '%s', 'Col$', '', '.', ' ', '100', 'COP', 'Fiat', '0')
INSERT INTO CURRENCYFORMATS VALUES ('254', '%s', '', '', '.', ',', '100', 'TPE', 'Fiat', '1')
INSERT INTO CURRENCYFORMATS VALUES ('88', '%s', 'P', '', '.', ' ', '100', 'MOP', 'Fiat', '0')
